"ID_time";"alpha";"beta";"rETRmax";"Ek";"ps"
"1";"Pve_A_1_t0";0.616118001816904;0.00555271537084957;199.219623431239;323.346538883379;209.746912092486
"2";"Pve_A_1_t1";0.581422833654774;0;185.404264930268;318.880260970889;185.404264930268
"3";"Pve_A_1_t2";0.515460570039394;0.00487056127380367;133.925290737164;259.816751312189;141.291505107075
"4";"Pve_A_1_t3";0.579357632572358;0.00555905880441747;128.121793933422;221.144568967804;135.261032939373
"5";"Pve_A_10_t0";0.55227041791763;0;190.814556622569;345.509283915744;190.814556622569
"6";"Pve_A_10_t1";0.567253698859757;0.000199560321811294;150.718908692967;265.699296445186;151.194352182575
"7";"Pve_A_10_t2";0.548888070814671;0.00945873600709149;193.423971279704;352.392375721739;211.081704357961
"8";"Pve_A_10_t3";0.630432563722084;0.0046905479833024;193.742844081138;307.317317077146;202.443924513184
"9";"Pve_A_11_t0";0.582487448680104;0.00517189772585645;212.903028162841;365.506636486798;224.012088008494
"10";"Pve_A_11_t1";0.66153565077705;0.00357978643206633;215.669716879857;326.013747900854;223.054742624024
"11";"Pve_A_11_t2";0.638225726305951;0;193.638982788696;303.402032866143;193.638982788696
"12";"Pve_A_11_t3";0.60160774174384;0.00262940226712078;158.04738803123;262.708368035805;162.555588328195
"13";"Pve_A_12_t0";0.606110645343332;0;199.099897885659;328.487709983841;199.099897885659
"14";"Pve_A_12_t1";0.690601009797768;0.00640699935510006;238.038416644581;344.682983759735;250.929580155434
"15";"Pve_A_12_t2";0.641638572543173;0.00667250813014079;238.766387809178;372.119754058445;253.008120078115
"16";"Pve_A_12_t3";0.590257003965094;0.00462956850950172;150.495383593075;254.965858231434;157.563965209976
"17";"Pve_A_13_t0";0.633634834685248;0;248.933003633024;392.865085702997;248.933003633024
"18";"Pve_A_13_t1";0.667769488196861;0.00132219818223825;229.469924353294;343.636432046212;232.776529167626
"19";"Pve_A_13_t2";0.615133227098347;0;214.048014952581;347.970172188991;214.048014952581
"20";"Pve_A_13_t3";0.600276362074926;0;202.601322396164;337.513410816059;202.601322396164
"21";"Pve_A_14_t0";0.625843525163665;0.00398983870818177;192.033736805232;306.839855465491;199.595942430751
"22";"Pve_A_14_t1";0.657400662233868;0.00595042425157073;180.541477037111;274.629289881797;190.116745425355
"23";"Pve_A_14_t2";0.570797490030476;0.00952737033093608;160.102140420156;280.488515132762;174.331251404155
"24";"Pve_A_14_t3";0.544494253251649;0;192.534543617035;353.602526504631;192.534543617035
"25";"Pve_A_15_t0";0.612048576560148;0.0034138687295453;193.612308039258;316.334871861647;200.415743403026
"26";"Pve_A_15_t1";0.594067360763949;0.00974326026055181;186.849354639015;314.525535283968;203.212470548768
"27";"Pve_A_15_t2";0.579580210220949;0;201.784066129511;348.155548742057;201.784066129511
"28";"Pve_A_15_t3";0.623024990301617;0.000519104413347181;183.331986195528;294.261047388764;184.572026303131
"29";"Pve_A_2_t0";0.630112943127148;0;215.255606721516;341.614323383419;215.255606721516
"30";"Pve_A_2_t1";0.525117764571074;0.00862829180641246;165.834155067943;315.803742048984;180.379378177854
"31";"Pve_A_2_t2";0.6074318510103;0.00255242058941482;168.366859249991;277.178187100262;173.010137348047
"32";"Pve_A_2_t3";0.644220664473681;0;204.655092572605;317.678559317567;204.655092572605
"33";"Pve_A_3_t0";0.569735282599762;0;157.677785877928;276.756224677587;157.677785877928
"34";"Pve_A_3_t1";0.531121298474326;0.00978549250013329;134.904642928546;253.999685789417;147.931458335824
"35";"Pve_A_3_t2";0.628578480535815;0.000948765793461482;143.990239328999;229.07281077497;145.628822309519
"36";"Pve_A_3_t3";0.54181042229137;0.00532569690753746;115.064702126463;212.370780244209;121.6085844705
"37";"Pve_A_4_t0";0.590198334736823;0;210.745953769753;357.076496774135;210.745953769753
"38";"Pve_A_4_t1";0.558710830960039;0;166.151014779486;297.382842022209;166.151014779486
"39";"Pve_A_4_t2";0.533864704778929;0.00614034197469389;144.399205150071;270.479025598567;153.777587099349
"40";"Pve_A_4_t3";0.615204171378364;0.00546991974212884;164.296207573862;267.059644939917;172.879027872936
"41";"Pve_A_5_t0";0.634333368666055;0.000602809768862759;221.004512834903;348.40436236179;222.682454758062
"42";"Pve_A_5_t1";0.495487536528902;0.00404372181233767;65.935147390748;133.071253119002;69.1382124678879
"43";"Pve_A_5_t2";0.6353761737944;0.00203132146939491;189.711091550931;298.580745352783;193.847770695361
"44";"Pve_A_5_t3";0.527680307486062;0.00363424167258359;87.9684629230669;166.707875346268;91.6680922270564
"45";"Pve_A_6_t0";0.554024756003618;0;187.847974857033;339.060615651996;187.847974857033
"46";"Pve_A_6_t1";0.602031712629943;0;208.850046276781;346.908712440463;208.850046276781
"47";"Pve_A_6_t2";0.619138740050948;0;210.398906815677;339.825136444157;210.398906815677
"48";"Pve_A_6_t3";0.637063552340123;0;219.506210881185;344.559361581547;219.506210881185
"49";"Pve_A_7_t0";0.542363375932493;0;201.976430828415;372.400570892447;201.976430828415
"50";"Pve_A_7_t1";0.559274973522771;6.0262393123823e-05;140.953483726798;252.028948906756;141.107508129196
"51";"Pve_A_7_t2";0.528350117393456;0;192.803142282048;364.915490571321;192.803142282048
"52";"Pve_A_7_t3";0.542934368156484;0.00382519242913692;173.803387390485;320.118595513909;181.255479386892
"53";"Pve_A_8_t0";0.582325820329647;0;159.274251244324;273.513977371226;159.274251244324
"54";"Pve_A_8_t1";0.568699768144745;0.00390011764066046;163.900627346681;288.202381163914;170.76877305311
"55";"Pve_A_8_t2";0.582217964852334;5.49468116654389e-05;151.980553329642;261.037210296642;152.127904347018
"56";"Pve_A_8_t3";0.563756337762748;0;182.502658429693;323.726131672329;182.502658429693
"57";"Pve_A_9_t0";0.672378066570383;0;277.557755178379;412.800132809396;277.557755178379
"58";"Pve_A_9_t1";0.630166596740417;0.00235172165374357;237.860719027873;377.456882446999;243.785469861
"59";"Pve_A_9_t2";0.590964381861591;0;246.757959513599;417.551323036237;246.757959513599
"60";"Pve_A_9_t3";0.585183884633403;0.00541872590626343;168.681528640719;288.253885778813;177.801971525247
"61";"Pve_B_1_t0";0.466207230264131;0;158.26365266102;339.470609607139;158.26365266102
"62";"Pve_B_1_t1";0.667702515969018;0;227.506261901521;340.729975491177;227.506261901521
"63";"Pve_B_1_t2";0.506843311282052;0;86.7386834689237;171.135105343542;86.7386834689237
"64";"Pve_B_1_t3";0.574053795839106;0;158.861703533931;276.736613685691;158.861703533931
"65";"Pve_B_10_t0";0.498111514472981;0;156.826879116239;314.842910793114;156.826879116239
"66";"Pve_B_10_t1";0.656048461689137;0;163.758703974242;249.61373059638;163.758703974242
"67";"Pve_B_10_t2";0.601194271462073;0;179.296252401939;298.233467803842;179.296252401939
"68";"Pve_B_10_t3";0.648739775212132;0;177.453977177362;273.53645322477;177.453977177362
"69";"Pve_B_11_t0";0.528553683062559;0;208.617966869384;394.69589098425;208.617966869384
"70";"Pve_B_11_t1";0.676586814221658;0;186.985088384381;276.365256392837;186.985088384381
"71";"Pve_B_11_t2";0.643533155790668;0;169.904149138013;264.01770850371;169.904149138013
"72";"Pve_B_11_t3";0.628569743494319;0.0002662040934671;169.671427428946;269.932540000598;170.302580864391
"73";"Pve_B_12_t0";0.571385305942801;0.00507963884423895;92.994833536017;162.753281487652;97.8523270193862
"74";"Pve_B_12_t1";0.684976019807164;0.00192360527510492;249.864369529757;364.778272968008;254.736489019793
"75";"Pve_B_12_t2";0.513351568363631;0.00467301602002019;96.9403333238422;188.838097120948;102.106474459702
"76";"Pve_B_12_t3";0.643779926014209;0.00481009555178695;165.029700370315;256.344899400719;172.467861432421
"77";"Pve_B_13_t0";0.482529465367819;0.00502695414142379;79.658512827331;165.085281924928;84.4171580920312
"78";"Pve_B_13_t1";0.500031523957804;0.000247471932161594;104.283582993101;208.554017090133;104.728975471607
"79";"Pve_B_13_t2";0.52279232451048;0.000502492293344938;144.795815625201;276.966223176251;145.906179200311
"80";"Pve_B_13_t3";0.584040161368356;0;229.304704835474;392.618042393237;229.304704835474
"81";"Pve_B_14_t0";0.494003181124171;0.00125288863642432;93.2520624553956;188.768141620441;94.917173531068
"82";"Pve_B_14_t1";0.566782996947318;0.0044430336887343;152.171459258726;268.482752796605;159.315459468963
"83";"Pve_B_14_t2";0.569802797607623;0.00635646406580233;97.5240394044126;171.154019976521;103.696646525629
"84";"Pve_B_14_t3";0.541704098617697;0.0130234576052683;82.1546443020612;151.659632097488;92.0708335734303
"85";"Pve_B_15_t0";0.484882532879962;0.000905754119708436;112.406181296395;231.821469477893;113.946042220796
"86";"Pve_B_15_t1";0.520065598585876;0.00569059056741328;77.3440762436451;148.719846984599;82.1601718421942
"87";"Pve_B_15_t2";0.548132277348386;0;114.193922454013;208.33278238317;114.193922454013
"88";"Pve_B_15_t3";0.584321926477895;0;158.506284336149;271.26533705756;158.506284336149
"89";"Pve_B_2_t0";0.516506478263889;0;116.41574650593;225.390680281946;116.41574650593
"90";"Pve_B_2_t1";0.674399585044574;0;208.397736836692;309.012255431501;208.397736836692
"91";"Pve_B_2_t2";0.584367062486305;0.00432714830855316;116.003242158737;198.510918232076;121.191956001476
"92";"Pve_B_2_t3";0.567629277102424;0.0016147210862903;135.612617993437;238.910541552223;138.286483528017
"93";"Pve_B_3_t0";0.633800463438795;0;248.110209434518;391.4642284866;248.110209434518
"94";"Pve_B_3_t1";0.362014648423074;0.0241563888015863;85.789212141121;236.977184527799;110.10562215326
"95";"Pve_B_3_t2";0.524976810158671;0.00693866023564635;64.8979470671469;123.620597731797;69.6373013660679
"96";"Pve_B_3_t3";0.577567846757425;0;98.4001755402289;170.369898692709;98.4001755402289
"97";"Pve_B_4_t0";0.547424847812086;0.000172455264623118;98.4574839093241;179.855708601524;98.7389932416085
"98";"Pve_B_4_t1";0.632755280276342;0;210.394634447897;332.505537300315;210.394634447897
"99";"Pve_B_4_t2";0.534734353751032;0.00654511974803423;84.0658344584435;157.210461360378;89.8200196297309
"100";"Pve_B_4_t3";0.620146949929791;0;219.079853037324;353.270870818807;219.079853037324
"101";"Pve_B_5_t0";0.558133474913858;0;157.322755363129;281.87299711312;157.322755363129
"102";"Pve_B_5_t1";0.604913724755006;0.000460449991382778;171.793383008091;283.996503927347;172.86652134386
"103";"Pve_B_5_t2";0.61405519869604;0.00476269859663474;170.459649250083;277.596622603405;178.390315804703
"104";"Pve_B_5_t3";0.597217275482962;0;165.28876272122;276.76487185933;165.28876272122
"105";"Pve_B_6_t0";0.54405976245767;0;219.859156447886;404.108466788136;219.859156447886
"106";"Pve_B_6_t1";0.570501137595475;0;214.019247417307;375.142542781505;214.019247417307
"107";"Pve_B_6_t2";0.578229617453525;0;167.505951671421;289.687602667437;167.505951671421
"108";"Pve_B_6_t3";0.616627870844307;0;194.238179492468;315.000648975712;194.238179492468
"109";"Pve_B_7_t0";0.524889299870907;0;170.016681868174;323.909597528448;170.016681868174
"110";"Pve_B_7_t1";0.460078266436238;0.000452912629327587;95.2355888431742;206.998669119644;95.9813819857549
"111";"Pve_B_7_t2";0.5152074723583;0.00314814904638779;78.3194150387567;152.015293334662;81.2941600533348
"112";"Pve_B_7_t3";0.562094694936824;0.00269453166622824;90.6664224497715;161.300975203052;93.4655536280925
"113";"Pve_B_8_t0";0.525947847361969;0;123.133885204051;234.118051479175;123.133885204051
"114";"Pve_B_8_t1";0.557403589167958;0;143.218169510796;256.938010974381;143.218169510796
"115";"Pve_B_8_t2";0.614586884186945;0.00208341491209961;130.651778536603;212.584716495286;133.648029775289
"116";"Pve_B_8_t3";0.648540566618385;0;212.73057949315;328.014299247877;212.73057949315
"117";"Pve_B_9_t0";0.484708670379372;0.00599563467382702;85.9815456031097;177.388090738739;91.9193856992934
"118";"Pve_B_9_t1";0.547519866214118;0.00417628538430207;82.4230255024135;150.538876465499;86.2037512257023
"119";"Pve_B_9_t2";0.505763147598494;0.00327269144568301;83.1927437425798;164.489532575876;86.5106555907004
"120";"Pve_B_9_t3";0.633848012328393;0;179.239852266287;282.780491190409;179.239852266287
"121";"Pve_C_1_t0";0.645703254264511;0;236.861590670868;366.827314414987;236.861590670868
"122";"Pve_C_1_t1";0.636982329483388;0.00114277123986678;192.382200176578;302.021251252929;194.926758168412
"123";"Pve_C_1_t2";0.433575963420998;0.00398561313412271;75.5551570286911;174.260483520688;79.6151347800654
"124";"Pve_C_1_t3";0.550479391613958;0.00359425301827024;110.114365367769;200.033583536929;114.539762756077
"125";"Pve_C_10_t0";0.533481884561847;0.00460965343926879;167.354953183249;313.703160362604;175.888316964236
"126";"Pve_C_10_t1";0.636073931520324;0;221.634023079791;348.440664043641;221.634023079791
"127";"Pve_C_10_t2";0.596286602280005;0.00377713219539085;129.707449388893;217.525345853712;134.787475290245
"128";"Pve_C_10_t3";0.532798200606903;0.00464727733099074;95.5291722517217;179.297099995656;100.439182134107
"129";"Pve_C_11_t0";0.56925207038563;0;214.051113894118;376.021669537562;214.051113894118
"130";"Pve_C_11_t1";0.616943119697606;0.000243913653359824;218.794136126828;354.642314892934;219.559797979936
"131";"Pve_C_11_t2";0.643968953655524;0;248.098771015155;385.265111938718;248.098771015155
"132";"Pve_C_11_t3";0.491229689889504;0.00382683574090051;94.9463739400784;193.283052499199;99.3802938522786
"133";"Pve_C_12_t0";0.645810073927723;0;210.140890361215;325.391161960619;210.140890361215
"134";"Pve_C_12_t1";0.629863480117795;0.00226466610148454;211.13228431586;335.203247974267;216.225640579254
"135";"Pve_C_12_t2";0.641795969419014;0.00910710889234951;193.544001880874;301.566247067709;208.54957699923
"136";"Pve_C_12_t3";0.621562042413854;0.00083724774715994;201.802284214045;324.669575108448;203.881690094195
"137";"Pve_C_13_t0";0.594623616608568;0;250.540896230008;421.343668889181;250.540896230008
"138";"Pve_C_13_t1";0.601357304797716;0.00248423125252301;222.55650034785;370.090291698898;228.605264098491
"139";"Pve_C_13_t2";0.609592776046623;0;239.682655391517;393.184868341001;239.682655391517
"140";"Pve_C_13_t3";0.580219820910691;0;191.219478608041;329.563851003763;191.219478608041
"141";"Pve_C_14_t0";0.668688103631282;0.000997710835545459;211.273190545814;315.951770935514;213.653345411885
"142";"Pve_C_14_t1";0.666041604787641;0.00154642906933559;221.07185572122;331.918988441729;224.728965954996
"143";"Pve_C_14_t2";0.578188547572273;0;161.612106087761;279.514540311022;161.612106087761
"144";"Pve_C_14_t3";0.600169118478151;0.00467809898936122;130.685727998035;217.748171264485;136.791517979972
"145";"Pve_C_15_t0";0.647351169142052;0.000971895140606021;313.812660750606;484.764183196747;317.367202065195
"146";"Pve_C_15_t1";0.633764579951674;0.000634428727393657;217.61546242033;343.369555990212;219.344831799477
"147";"Pve_C_15_t2";0.672202364611991;0;254.827267792334;379.093084475276;254.827267792334
"148";"Pve_C_15_t3";0.549950342205504;0;92.2883332850657;167.81212084523;92.2883332850657
"149";"Pve_C_2_t0";0.630661728386472;0;284.567638995181;451.220719740261;284.567638995181
"150";"Pve_C_2_t1";0.628095705830109;0.00257676392136258;246.043019162149;391.728548497194;252.690470143065
"151";"Pve_C_2_t2";0.584113648860342;0;187.795913333722;321.505778370577;187.795913333722
"152";"Pve_C_2_t3";0.540670886203851;0.0041237933524456;96.3746825042282;178.250179477746;100.795139577681
"153";"Pve_C_3_t0";0.640318002589915;0;295.545143541912;461.5599473176;295.545143541912
"154";"Pve_C_3_t1";0.5980215938537;0.00251502970860639;180.013542714354;301.015121467992;184.981660218738
"155";"Pve_C_3_t2";0.554182279893866;0;183.258164319863;330.68210761802;183.258164319863
"156";"Pve_C_3_t3";0.586162933629815;0.00377038057843969;102.799020635812;175.376187639892;106.878098358525
"157";"Pve_C_4_t0";0.604710542464466;0.0110277487507408;162.966003536475;269.494232517124;178.567734905793
"158";"Pve_C_4_t1";0.65006808171841;0;238.940924792548;367.562923810879;238.940924792548
"159";"Pve_C_4_t2";0.615577518262975;0;189.070640115489;307.143510778308;189.070640115489
"160";"Pve_C_4_t3";0.568377079419909;0;173.607889510003;305.444916405124;173.607889510003
"161";"Pve_C_5_t0";0.620404955746929;0.00281802365197821;215.342737871322;347.100286476698;221.691273353635
"162";"Pve_C_5_t1";0.641852964921075;0;229.293777319937;357.237233216072;229.293777319937
"163";"Pve_C_5_t2";0.636157802060224;0.0197756491095778;224.010879782911;352.130994947231;257.535753297939
"164";"Pve_C_5_t3";0.624545546628144;0.00308906121020888;121.416342731326;194.407507005438;125.266489788524
"165";"Pve_C_6_t0";0.600122332954429;0.00246916319926075;184.543367566342;307.509581684499;189.541690559243
"166";"Pve_C_6_t1";0.525723792053915;0.00140010999920417;185.40568700756;352.667483971405;188.859084238099
"167";"Pve_C_6_t2";0.626056442680812;0.00527247185683958;236.204989593338;377.290246518179;247.989689611643
"168";"Pve_C_6_t3";0.568895075851003;0.00245203967861179;188.044240894898;330.542922372117;193.344446107595
"169";"Pve_C_7_t0";0.584567260366342;0;214.37108960996;366.717577504453;214.37108960996
"170";"Pve_C_7_t1";0.614655597350617;0;215.28224996996;350.24857968902;215.28224996996
"171";"Pve_C_7_t2";0.539629537878021;0;209.336995226352;387.927236247159;209.336995226352
"172";"Pve_C_7_t3";0.614270729002162;0;232.303890955431;378.178350338769;232.303890955431
"173";"Pve_C_8_t0";0.619719339436287;0;210.319711708058;339.37897096994;210.319711708058
"174";"Pve_C_8_t1";0.595866912584561;0.00428264273482887;169.677242348553;284.756946165346;177.076766800287
"175";"Pve_C_8_t2";0.583955196545909;0.000489799519431381;179.555189067351;307.481104936506;180.776809942391
"176";"Pve_C_8_t3";0.543989499489101;0.00372813407690933;133.3124181868;245.064322587114;138.89557301851
"177";"Pve_C_9_t0";0.591431048807215;0;298.409800192913;504.555519692006;298.409800192913
"178";"Pve_C_9_t1";0.572116314096064;0.00494305256324304;65.7684365810287;114.95640826978;69.1216967167361
"179";"Pve_C_9_t2";0.658925491035047;0.00104749921626376;250.886758456423;380.7513320851;253.873738711553
"180";"Pve_C_9_t3";0.535382592129452;0.0106254672980915;70.0228661511012;130.790330467394;77.2198732409307
"181";"Pve_D_1_t0";0.389739611522435;0;211.347359494676;542.278365468401;211.347359494676
"182";"Pve_D_1_t1";0.578805670217241;0;313.000544821134;540.769658845354;313.000544821134
"183";"Pve_D_1_t2";0.513742282688393;0;223.169533718844;434.399778330501;223.169533718844
"184";"Pve_D_1_t3";0.616206621568867;0;279.427125340127;453.463360436964;279.427125340127
"185";"Pve_D_10_t0";0.534147543473132;0.00371083576414704;274.145155243121;513.238633394391;285.760084149664
"186";"Pve_D_10_t1";0.597446371168662;0;295.734529669879;494.997616424373;295.734529669879
"187";"Pve_D_10_t2";0.557908800374353;0;272.175252023102;487.84900299202;272.175252023102
"188";"Pve_D_10_t3";0.608318185717272;0.000551388891317935;231.863443419874;381.154877272791;233.552239420168
"189";"Pve_D_11_t0";0.460184028048482;0;206.501067567854;448.735842579262;206.501067567854
"190";"Pve_D_11_t1";0.544290993176462;0.00345470563280181;208.679622838025;383.397163381629;216.866616501996
"191";"Pve_D_11_t2";0.567377085258037;0.000846246080438676;240.511016413243;423.89977082677;243.219708345165
"192";"Pve_D_11_t3";0.580480856909611;0;215.270495896885;370.848570343819;215.270495896885
"193";"Pve_D_12_t0";0.470639057017559;0;182.971108909575;388.771620589807;182.971108909575
"194";"Pve_D_12_t1";0.567600349628653;0;250.786237645707;441.83594638337;250.786237645707
"195";"Pve_D_12_t2";0.595465407985334;0.00490370657453226;226.189746961748;379.853714302274;237.262278779307
"196";"Pve_D_12_t3";0.487021105833432;0.00110802298779291;160.820542480773;330.212675702346;163.434524686951
"197";"Pve_D_13_t0";0.464561662255098;0;239.377779350831;515.276654962942;239.377779350831
"198";"Pve_D_13_t1";0.499650143278089;0;258.084822311807;516.531068356295;258.084822311807
"199";"Pve_D_13_t2";0.552554710289003;0.000670952469072489;195.833449232352;354.414586620618;197.676472418193
"200";"Pve_D_13_t3";0.521608803939154;0;273.13231464133;523.634402982952;273.13231464133
"201";"Pve_D_14_t0";0.432214090092562;0;196.550484782874;454.752608228901;196.550484782874
"202";"Pve_D_14_t1";0.538425911909334;0;252.794105278809;469.505831140938;252.794105278809
"203";"Pve_D_14_t2";0.502240975126978;0;191.333060212069;380.95868256009;191.333060212069
"204";"Pve_D_14_t3";0.548185376880044;0;175.056469997542;319.338087772174;175.056469997542
"205";"Pve_D_15_t0";0.502347596931539;0;261.454245155705;520.464807142964;261.454245155705
"206";"Pve_D_15_t1";0.487707938412353;0.00115471789963758;198.972548028241;407.974798761655;202.320230846862
"207";"Pve_D_15_t2";0.474083000748483;0;142.718850421199;301.041906577274;142.718850421199
"208";"Pve_D_15_t3";0.491093024222577;0;196.284114295821;399.688255817822;196.284114295821
"209";"Pve_D_2_t0";0.481691973520445;0;252.384302993358;523.953723265945;252.384302993358
"210";"Pve_D_2_t1";0.553796657616542;0;336.904001219842;608.353258522409;336.904001219842
"211";"Pve_D_2_t2";0.540640514853653;0;157.976572890101;292.202616248366;157.976572890101
"212";"Pve_D_2_t3";0.567967132229356;0;205.890646073047;362.504508429732;205.890646073047
"213";"Pve_D_3_t0";0.515562428553645;0;238.191413686435;462.00304850502;238.191413686435
"214";"Pve_D_3_t1";0.557108849585088;0.00620514660285036;253.360499087222;454.777372996165;269.375328818497
"215";"Pve_D_3_t2";0.467165219095114;0;217.14918718614;464.82310392617;217.14918718614
"216";"Pve_D_3_t3";0.486352245177401;0;203.563166812763;418.550893578195;203.563166812763
"217";"Pve_D_4_t0";0.431890980780935;0.0207987110224713;166.95406839493;386.565304265089;202.976898178271
"218";"Pve_D_4_t1";0.585575183695043;0;251.471898555632;429.44425508065;251.471898555632
"219";"Pve_D_4_t2";0.537243901045083;0;273.884328843497;509.795138317474;273.884328843497
"220";"Pve_D_4_t3";0.560398788717149;0;264.641545833719;472.23789765772;264.641545833719
"221";"Pve_D_5_t0";0.480932327508717;0;248.471974342909;516.646438865987;248.471974342909
"222";"Pve_D_5_t1";0.541725724527737;0;217.551160150794;401.589125826449;217.551160150794
"223";"Pve_D_5_t2";0.553709875039782;0;205.257500864654;370.695033838628;205.257500864654
"224";"Pve_D_5_t3";0.544706020966896;0;251.347361863655;461.436724010309;251.347361863655
"225";"Pve_D_6_t0";0.451933790911345;0;183.576376235539;406.201925873587;183.576376235539
"226";"Pve_D_6_t1";0.524350550826141;0;281.835045569839;537.493562514226;281.835045569839
"227";"Pve_D_6_t2";0.5770858767601;0;214.428429057779;371.571091397405;214.428429057779
"228";"Pve_D_6_t3";0.603832481577182;0;265.948737169046;440.434632589489;265.948737169046
"229";"Pve_D_7_t0";0.390160387658255;0;127.264801767071;326.185860463476;127.264801767071
"230";"Pve_D_7_t1";0.565878858872778;0;271.171081255919;479.203414306885;271.171081255919
"231";"Pve_D_7_t2";0.554648164079081;0;335.052651419224;604.08142155403;335.052651419224
"232";"Pve_D_7_t3";0.60066957885502;0;205.729926431228;342.50099168229;205.729926431228
"233";"Pve_D_8_t0";0.518473570643498;0.0043860193895166;304.374242689721;587.058357308263;319.617760868876
"234";"Pve_D_8_t1";0.565087483084071;0;356.545670115226;630.956587764626;356.545670115226
"235";"Pve_D_8_t2";0.546851715840876;0;273.800787666622;500.685615012851;273.800787666622
"236";"Pve_D_8_t3";0.585163882822133;0;285.455908642114;487.822158923096;285.455908642114
"237";"Pve_D_9_t0";0.579643922311105;0;323.419213661499;557.961881791137;323.419213661499
"238";"Pve_D_9_t1";0.5817082366992;0;365.921093089619;629.045748373744;365.921093089619
"239";"Pve_D_9_t2";0.598380981048963;0;281.141852929845;469.837548040052;281.141852929845
"240";"Pve_D_9_t3";0.549301854768125;0;251.467106279381;457.794023625739;251.467106279381
"241";"Pve_E_1_t0";0.535712448392088;0;276.464413963957;516.068676010331;276.464413963957
"242";"Pve_E_1_t1";0.530761220961782;0;190.973176195862;359.809964732922;190.973176195862
"243";"Pve_E_1_t2";0.543888914176292;0;176.214058888665;323.989061544924;176.214058888665
"244";"Pve_E_1_t3";0.459555913973566;0;206.887334997474;450.189691192561;206.887334997474
"245";"Pve_E_10_t0";0.548736189801414;0;232.949910322392;424.520770913061;232.949910322392
"246";"Pve_E_10_t1";0.620574732685125;0;236.271214633121;380.729672332636;236.271214633121
"247";"Pve_E_10_t2";0.614097643760265;0.00101712896743625;185.473379259933;302.025876738813;187.761885498668
"248";"Pve_E_10_t3";0.608621816131734;0;190.692118431982;313.317914963973;190.692118431982
"249";"Pve_E_11_t0";0.501162894534537;0;193.033256426375;385.170687079013;193.033256426375
"250";"Pve_E_11_t1";0.498246869636543;0;184.001164933108;369.297182072276;184.001164933108
"251";"Pve_E_11_t2";0.535298121588199;0;163.072985685987;304.639562720972;163.072985685987
"252";"Pve_E_11_t3";0.525391632966449;0.000210883439595736;134.872107933446;256.707757548279;135.350471622652
"253";"Pve_E_12_t0";0.505779018527854;0.0113036184777158;197.501700064745;390.49010107142;219.926142529021
"254";"Pve_E_12_t1";0.534095414209065;0.0110510465702563;218.709255224128;409.494725859071;241.988034709637
"255";"Pve_E_12_t2";0.518160676324336;0.00701911685599509;153.544413890861;296.325871310913;164.992245825495
"256";"Pve_E_12_t3";0.471359403086442;0;167.16339003791;354.641042362433;167.16339003791
"257";"Pve_E_13_t0";0.628178545326373;0.00155033604905043;171.06507249631;272.319189773399;174.048451024741
"258";"Pve_E_13_t1";0.601086575486808;0.00787997219364515;203.876122171337;339.179297102455;218.662594307759
"259";"Pve_E_13_t2";0.684104497026696;0;165.662454922401;242.159575974745;165.662454922401
"260";"Pve_E_13_t3";0.51792185986239;0;177.164281362832;342.067587975344;177.164281362832
"261";"Pve_E_14_t0";0.596120077759857;0;237.805399132431;398.921975629596;237.805399132431
"262";"Pve_E_14_t1";0.620532624473904;0;214.453292324975;345.59551563754;214.453292324975
"263";"Pve_E_14_t2";0.645999134183388;0;254.358605862846;393.744499649186;254.358605862846
"264";"Pve_E_14_t3";0.696454646089872;0;198.458565652574;284.95547666569;198.458565652574
"265";"Pve_E_15_t0";0.602492005414482;0;204.434805826428;339.315383422868;204.434805826428
"266";"Pve_E_15_t1";0.618148352188719;0.00243382725489984;187.457106132189;303.255853499322;192.346199943518
"267";"Pve_E_15_t2";0.612687093810978;0;186.893579657382;305.039197896081;186.893579657382
"268";"Pve_E_15_t3";0.589097430256143;0;224.592405129513;381.248319198845;224.592405129513
"269";"Pve_E_2_t0";0.598260794588205;0.039272898558656;256.392129457975;428.562479402407;328.076258470619
"270";"Pve_E_2_t1";0.644495605809142;0;245.250040720687;380.530198359978;245.250040720687
"271";"Pve_E_2_t2";0.630377292307758;0;225.273997952433;357.363757707267;225.273997952433
"272";"Pve_E_2_t3";0.615510649070355;0;199.523855291106;324.159875369271;199.523855291106
"273";"Pve_E_3_t0";0.371058756872523;0;102.000280585193;274.889835358973;102.000280585193
"274";"Pve_E_3_t1";0.582263844159378;0.00650974565745327;224.015452616289;384.731861446253;238.220412169803
"275";"Pve_E_3_t2";0.557005597192214;0;191.595055221508;343.973303297689;191.595055221508
"276";"Pve_E_3_t3";0.58432370752425;0;180.763319521173;309.354758661185;180.763319521173
"277";"Pve_E_4_t0";0.5280043250702;0.00545498140303664;163.450332393039;309.562487715054;173.145868155444
"278";"Pve_E_4_t1";0.59152240294365;0;157.620430259328;266.465698467118;157.620430259328
"279";"Pve_E_4_t2";0.65084238915209;0;191.598964984298;294.386118940273;191.598964984298
"280";"Pve_E_4_t3";0.603820897886149;0;143.924227032398;238.355822953871;143.924227032398
"281";"Pve_E_5_t0";0.528749474331863;0.0160787201973034;193.694357884896;366.325390922897;222.153186287178
"282";"Pve_E_5_t1";0.60726955271739;0;233.365384986965;384.28632547558;233.365384986965
"283";"Pve_E_5_t2";0.649142124846681;0.000704541309607287;236.284681015931;363.995297750456;238.300308344382
"284";"Pve_E_5_t3";0.587036125447068;0;220.537789807145;375.680099140731;220.537789807145
"285";"Pve_E_6_t0";0.614268357495323;0;238.694531987712;388.583473452853;238.694531987712
"286";"Pve_E_6_t1";0.64320456855338;0;205.935054030571;320.170384507273;205.935054030571
"287";"Pve_E_6_t2";0.667732767880841;0;270.760456400846;405.492240945653;270.760456400846
"288";"Pve_E_6_t3";0.674291051627875;0;238.302478729241;353.411895581189;238.302478729241
"289";"Pve_E_7_t0";0.556137518673646;0;170.713627850535;306.96297609569;170.713627850535
"290";"Pve_E_7_t1";0.603976130051247;0;203.429321663619;336.816823615791;203.429321663619
"291";"Pve_E_7_t2";0.554349392383979;0;127.757145421129;230.463219002929;127.757145421129
"292";"Pve_E_7_t3";0.597876698008774;0;128.006958128489;214.102604357747;128.006958128489
"293";"Pve_E_8_t0";0.545007797209413;0;248.002521994876;455.043988846979;248.002521994876
"294";"Pve_E_8_t1";0.619524343859021;0.00324882324813555;236.347561448719;381.498425027995;244.226482453953
"295";"Pve_E_8_t2";0.689899426839383;0.0014466973947292;216.339004694966;313.580496342886;219.615516398863
"296";"Pve_E_8_t3";0.584855782186468;0;165.624713017144;283.188981047532;165.624713017144
"297";"Pve_E_9_t0";0.539402223978989;0;194.714296059523;360.981633748524;194.714296059523
"298";"Pve_E_9_t1";0.663830195618492;0;172.750830036875;260.233462076733;172.750830036875
"299";"Pve_E_9_t2";0.513981721193227;0;120.739103540566;234.909333468642;120.739103540566
"300";"Pve_E_9_t3";0.587179331289101;0;113.498580899495;193.294577740532;113.498580899495
"301";"Pve_F_1_t0";0.52263397386635;0;275.122109658749;526.414514585507;275.122109658749
"302";"Pve_F_1_t1";0.559747832874523;0;354.88598607454;634.010469057223;354.88598607454
"303";"Pve_F_1_t2";0.492115570717645;0;230.343138915688;468.067162719078;230.343138915688
"304";"Pve_F_1_t3";0.529160611339834;0;304.297433471401;575.056848431935;304.297433471401
"305";"Pve_F_10_t0";0.372319248337058;0;220.306947887155;591.715171512465;220.306947887155
"306";"Pve_F_10_t1";0.529892852478797;0;185.246807455311;349.592953724024;185.246807455311
"307";"Pve_F_10_t2";0.5277992562024;0;332.692799744559;630.33965250034;332.692799744559
"308";"Pve_F_10_t3";0.566924941606168;0;224.539154693006;396.065048852603;224.539154693006
"309";"Pve_F_11_t0";0.524618478687289;0;328.101417046556;625.409569764942;328.101417046556
"310";"Pve_F_11_t1";0.409537044897826;0.00658911122884066;58.5290206944428;142.915082832238;63.5726028148538
"311";"Pve_F_11_t2";0.576268366942173;0;271.335159695863;470.848610232827;271.335159695863
"312";"Pve_F_11_t3";0.425438691706847;0;199.048023312602;467.865352147515;199.048023312602
"313";"Pve_F_12_t0";0.451568762939592;0;189.567284718133;419.797161088161;189.567284718133
"314";"Pve_F_12_t1";0.431586049129994;0;179.976252566053;417.011284143348;179.976252566053
"315";"Pve_F_12_t2";0.52331705656936;0.00741655637045112;201.99176033087;385.983521452637;217.635722295048
"316";"Pve_F_12_t3";0.527696612219332;0;237.186678434996;449.475461738252;237.186678434996
"317";"Pve_F_13_t0";0.473309966440326;0;265.706398777092;561.37926013986;265.706398777092
"318";"Pve_F_13_t1";0.458549376011202;0;190.744404566939;415.973534248751;190.744404566939
"319";"Pve_F_13_t2";0.583199959849148;0.000380888986286621;242.125478987657;415.167173623067;243.446965716564
"320";"Pve_F_13_t3";0.499926250349546;0;275.603946885625;551.289208544109;275.603946885625
"321";"Pve_F_14_t0";0.537797823864899;0;222.479989487435;413.68703928286;222.479989487435
"322";"Pve_F_14_t1";0.524698359363913;0;285.439878183097;544.007567565358;285.439878183097
"323";"Pve_F_14_t2";0.524505333945312;0;250.852985030243;478.26584172812;250.852985030243
"324";"Pve_F_14_t3";0.50409461013584;0;206.722611066048;410.086929932344;206.722611066048
"325";"Pve_F_15_t0";0.520901205965063;0.000326949005587614;281.662850029474;540.722207597203;283.147144015349
"326";"Pve_F_15_t1";0.265311980842469;0.0278186875369851;31.4679029314246;118.607168931843;44.5048841123225
"327";"Pve_F_15_t2";0.539758619069305;0;243.178576259971;450.532085396392;243.178576259971
"328";"Pve_F_15_t3";0.46831378392294;0;187.052005954721;399.415973597522;187.052005954721
"329";"Pve_F_2_t0";0.47696828628907;0;283.716387426822;594.832812961643;283.716387426822
"330";"Pve_F_2_t1";0.549782237444288;0;216.159301596143;393.172581567893;216.159301596143
"331";"Pve_F_2_t2";0.464222876537807;0;155.017758283317;333.929597437001;155.017758283317
"332";"Pve_F_2_t3";0.480897256375759;0;137.449816441679;285.819506390112;137.449816441679
"333";"Pve_F_3_t0";0.504874648483506;0;271.434778362623;537.628061099787;271.434778362623
"334";"Pve_F_3_t1";0.386654899566031;0.0231237670491823;176.484211239096;456.438574649323;222.124906537051
"335";"Pve_F_3_t2";0.509077619187676;0.000583144434730562;143.276069638913;281.442483893783;144.557399420953
"336";"Pve_F_3_t3";0.426451670926877;0;116.550485393446;273.302916459742;116.550485393446
"337";"Pve_F_4_t0";0.525582999532677;0;179.617217066038;341.74852920613;179.617217066038
"338";"Pve_F_4_t1";0.487155559426578;0;152.3649022027;312.764371163179;152.3649022027
"339";"Pve_F_4_t2";0.417238429405437;0;89.7003356647843;214.985795514107;89.7003356647843
"340";"Pve_F_4_t3";0.506598953786164;0;154.291399274078;304.563201563982;154.291399274078
"341";"Pve_F_5_t0";0.517955588761962;0.00375789992397844;235.503499073699;454.678941946758;245.856216953321
"342";"Pve_F_5_t1";0.510572340040191;0.0054190987049896;226.905979499522;444.414947119267;240.676002132304
"343";"Pve_F_5_t2";0.488083205976124;0.00631555608082642;194.217939635569;397.91973429438;208.149779062066
"344";"Pve_F_5_t3";0.514293013995388;0;204.304709357463;397.253518515216;204.304709357463
"345";"Pve_F_6_t0";0.406598733289485;0;256.937506636984;631.919102546867;256.937506636984
"346";"Pve_F_6_t1";0.456827718593074;0;203.645818151794;445.782534341343;203.645818151794
"347";"Pve_F_6_t2";0.519387452052523;0;257.981265655446;496.702923099031;257.981265655446
"348";"Pve_F_6_t3";0.562183684048566;0;199.970405691792;355.702969271013;199.970405691792
"349";"Pve_F_7_t0";0.534524061878989;0;222.707572597176;416.646486996866;222.707572597176
"350";"Pve_F_7_t1";0.573741404517233;0;199.570713527933;347.840877365054;199.570713527933
"351";"Pve_F_7_t2";0.479706547793176;0;167.065748797323;348.266559140971;167.065748797323
"352";"Pve_F_7_t3";0.520631195696813;0;154.860519173963;297.447637509883;154.860519173963
"353";"Pve_F_8_t0";0.543620115321438;0;318.35547564054;585.621220900369;318.35547564054
"354";"Pve_F_8_t1";0.514198769752676;0;265.43701188531;516.214793771253;265.43701188531
"355";"Pve_F_8_t2";0.470255745581743;0;176.891428014741;376.160056898214;176.891428014741
"356";"Pve_F_8_t3";0.569260823414495;0;172.971886006864;303.853486648455;172.971886006864
"357";"Pve_F_9_t0";0.574293800797884;0;195.111360816698;339.741366780599;195.111360816698
"358";"Pve_F_9_t1";0.533441075073356;0;257.99873194553;483.649917490982;257.99873194553
"359";"Pve_F_9_t2";0.513033218174995;0;205.068247495075;399.717289700189;205.068247495075
"360";"Pve_F_9_t3";0.50875861101034;0;191.77878279246;376.954372156194;191.77878279246
"361";"Spi_A_1_t0";0.4738835303468;0;268.043858435222;565.632357467796;268.043858435222
"362";"Spi_A_1_t1";0.514423927622968;0;242.766894923396;471.919912522664;242.766894923396
"363";"Spi_A_1_t2";0.521602824337898;0;220.037480080939;421.848712878895;220.037480080939
"364";"Spi_A_1_t3";0.441364304368638;0;113.964562942955;258.209741510427;113.964562942955
"365";"Spi_A_10_t0";0.524810146517252;0;264.676241433387;504.327599589744;264.676241433387
"366";"Spi_A_10_t1";0.571670686593696;0.00951443786851681;284.44702126834;497.571465423948;309.666050546324
"367";"Spi_A_10_t2";0.569072552691883;0;225.994376022069;397.127527857473;225.994376022069
"368";"Spi_A_10_t3";0.397747381342551;0.00483842581974303;66.2193715087425;166.486002460221;70.7284332187268
"369";"Spi_A_11_t0";0.527131689215329;0;273.766034880286;519.350364399084;273.766034880286
"370";"Spi_A_11_t1";0.471198856827893;0;238.449844153621;506.049284072681;238.449844153621
"371";"Spi_A_11_t2";0.584335493958811;0;166.475952818513;284.897896053954;166.475952818513
"372";"Spi_A_11_t3";0.532374850921958;0;224.784560603378;422.229863439455;224.784560603378
"373";"Spi_A_12_t0";0.409214745790342;0.002538193653798;128.7737293642;314.68496843996;133.72762688965
"374";"Spi_A_12_t1";0.497533869908034;0;184.522859957769;370.874971772026;184.522859957769
"375";"Spi_A_12_t2";0.582875839460971;0;214.118044821332;367.347607029556;214.118044821332
"376";"Spi_A_12_t3";0.53449845786656;0;198.151937672891;370.724994163334;198.151937672891
"377";"Spi_A_13_t0";0.506274494761058;0.0172902994820661;231.704785982102;457.66632208375;269.21811310415
"378";"Spi_A_13_t1";0.56385365511454;0;271.146599127742;480.881158911105;271.146599127742
"379";"Spi_A_13_t2";0.564891776471466;0;249.704458629262;442.039464955594;249.704458629262
"380";"Spi_A_13_t3";0.435155682876751;0;131.401539716119;301.964434538559;131.401539716119
"381";"Spi_A_14_t0";0.542178833908112;0;346.346381677505;638.804689554154;346.346381677505
"382";"Spi_A_14_t1";0.588577464780172;0;297.29184801993;505.102328596568;297.29184801993
"383";"Spi_A_14_t2";0.529042072613504;0;238.402714251348;450.630916882702;238.402714251348
"384";"Spi_A_14_t3";0.487928206007661;0.000196364626127977;92.7561687988895;190.102083988629;93.0859292237265
"385";"Spi_A_15_t0";0.4908677855164;0.00343547200687555;234.413358260892;477.548874009496;244.407595592855
"386";"Spi_A_15_t1";0.49910404104788;0;215.579048018212;431.932082869133;215.579048018212
"387";"Spi_A_15_t2";0.526860558591806;0;161.071506122865;305.719423282277;161.071506122865
"388";"Spi_A_15_t3";0.456380979122343;0;146.223145415784;320.397107033213;146.223145415784
"389";"Spi_A_2_t0";0.401707049480748;0;108.826155936689;270.909251100669;108.826155936689
"390";"Spi_A_2_t1";0.53438882650209;0;282.994712854705;529.567047101421;282.994712854705
"391";"Spi_A_2_t2";0.604873858312623;0;317.307581584266;524.584716670411;317.307581584266
"392";"Spi_A_2_t3";0.393148192133863;0.00310576892343177;114.000098352622;289.967245515925;119.387228319479
"393";"Spi_A_3_t0";0.508533716978067;0;275.859594683162;542.46077589986;275.859594683162
"394";"Spi_A_3_t1";0.502601808470862;0;291.110629263319;579.207285682092;291.110629263319
"395";"Spi_A_3_t2";0.501006114647457;0;172.958385927116;345.22210581965;172.958385927116
"396";"Spi_A_3_t3";0.56581822800373;0;173.626405756275;306.858982554959;173.626405756275
"397";"Spi_A_4_t0";0.424393700582691;0;196.854668654253;463.849176799685;196.854668654253
"398";"Spi_A_4_t1";0.597555022742444;0;288.159939953164;482.231642252241;288.159939953164
"399";"Spi_A_4_t2";0.584209570155134;0.00561414352508211;231.994800532533;397.108867064481;244.938727755453
"400";"Spi_A_4_t3";0.48926777742331;0;136.661555738675;279.318528717325;136.661555738675
"401";"Spi_A_5_t0";0.366768063668676;0;184.415791018665;502.813110754536;184.415791018665
"402";"Spi_A_5_t1";0.486955545443685;0;251.166845560963;515.790091952058;251.166845560963
"403";"Spi_A_5_t2";0.488152483471701;0;153.294570957686;314.030095406803;153.294570957686
"404";"Spi_A_5_t3";0.557111994002736;0;179.77265489477;322.686743114504;179.77265489477
"405";"Spi_A_6_t0";0.479892042467466;0.00124351515231022;238.679887355709;497.361627687107;243.021592845565
"406";"Spi_A_6_t1";0.531499156865971;0;237.705978107619;447.236792451885;237.705978107619
"407";"Spi_A_6_t2";0.558393799288804;0.000936893934187224;171.455745486205;307.05166444287;173.595213988377
"408";"Spi_A_6_t3";0.561817614951029;0;241.317169585043;429.529376016588;241.317169585043
"409";"Spi_A_7_t0";0.446849420225686;0.0019469469893348;182.831619461767;409.15711464821;188.032894068317
"410";"Spi_A_7_t1";0.602067646846581;0.000848078756695926;275.350384610393;457.341273945845;278.30058078587
"411";"Spi_A_7_t2";0.552893009112428;0;242.520126974256;438.638439946236;242.520126974256
"412";"Spi_A_7_t3";0.609979765672717;0.0015456639558824;200.493227350096;328.688324815139;204.070510409696
"413";"Spi_A_8_t0";0.460107938654036;0;207.854429502587;451.751452301883;207.854429502587
"414";"Spi_A_8_t1";0.609774670222539;0;302.468705453212;496.033568174987;302.468705453212
"415";"Spi_A_8_t2";0.587887034791429;0;223.301249817213;379.837003713537;223.301249817213
"416";"Spi_A_8_t3";0.380377279878429;0;80.9247181423787;212.748558926134;80.9247181423787
"417";"Spi_A_9_t0";0.45358312797057;0;174.905899636022;385.609359895261;174.905899636022
"418";"Spi_A_9_t1";0.513781488284262;0;176.109600716712;342.7714013302;176.109600716712
"419";"Spi_A_9_t2";0.507561413098827;0;148.355445081429;292.290629769648;148.355445081429
"420";"Spi_A_9_t3";0.459693154271538;0;107.040966913906;232.853080188959;107.040966913906
"421";"Spi_B_1_t0";0.559473835379251;0;150.913041697191;269.741017638281;150.913041697191
"422";"Spi_B_1_t1";0.578209266603695;0.000513773976064781;177.004837070458;306.125908548915;178.27173018628
"423";"Spi_B_1_t2";0.611938408016796;0.000710437349166007;176.468477811552;288.376208291061;178.065288138544
"424";"Spi_B_1_t3";0.575276557272488;0.00390662901217232;186.920241350779;324.922402951736;194.687772903442
"425";"Spi_B_10_t0";0.500452170120521;0;203.421603610655;406.475614965694;203.421603610655
"426";"Spi_B_10_t1";0.570475776746867;0;195.155750384816;342.092965800739;195.155750384816
"427";"Spi_B_10_t2";0.628757301809396;0;183.005664417717;291.059306812145;183.005664417717
"428";"Spi_B_10_t3";0.628027385678445;0.00390862165150146;155.358935394465;247.376052282551;161.352840150696
"429";"Spi_B_11_t0";0.431523241144566;0.0016699471297152;113.429261303924;262.857826621496;116.34409950216
"430";"Spi_B_11_t1";0.228620327067732;0.00504098246162372;27.2970554802579;119.3990745721;30.3615506527458
"431";"Spi_B_11_t2";0.478535640903378;0.00311684886264191;109.99428891127;229.856001328601;114.405630911148
"432";"Spi_B_11_t3";0.322222961007944;0.0159862011361772;73.2007382100923;227.174183928772;89.392769018555
"433";"Spi_B_12_t0";0.532001245755205;0.00218889493529696;209.224966285665;393.279090895094;214.891811115566
"434";"Spi_B_12_t1";0.601052125600791;0.000881838520047026;200.679095439015;333.879686788268;202.906989382392
"435";"Spi_B_12_t2";0.646540861122837;0;251.521495341832;389.026449008991;251.521495341832
"436";"Spi_B_12_t3";0.634464052349695;0.00186680186910927;241.351447786312;380.402084077866;246.250752564976
"437";"Spi_B_13_t0";0.529926527743448;0;202.563686723194;382.248625268409;202.563686723194
"438";"Spi_B_13_t1";0.651745697298179;0.000970221039857324;193.040346515852;296.189675384284;195.210782982615
"439";"Spi_B_13_t2";0.612942894117245;0;185.704828811144;302.972480133886;185.704828811144
"440";"Spi_B_13_t3";0.639749002855962;0;238.330000115033;372.536727765237;238.330000115033
"441";"Spi_B_14_t0";0.558237127693125;0;186.918464154379;334.837034087658;186.918464154379
"442";"Spi_B_14_t1";0.59057725546729;0.00340658795470458;154.697182622812;261.942330475306;160.291154490568
"443";"Spi_B_14_t2";0.608384051811294;0.00189181662589964;197.305185372818;324.310252356873;201.505871553406
"444";"Spi_B_14_t3";0.567722969843302;0.00846348502761256;118.77229919356;209.208197488191;128.371287105006
"445";"Spi_B_15_t0";0.506199977443712;0.00587617779098425;97.1230296541466;191.866918178491;103.480317808212
"446";"Spi_B_15_t1";0.60581855346379;0.00126416731874665;173.980690102358;287.182835698275;176.604491475288
"447";"Spi_B_15_t2";0.502391187226228;0;115.552999046089;230.006023163092;115.552999046089
"448";"Spi_B_15_t3";0.542399106006682;0.00378933405227687;137.51367199012;253.528574194268;143.367656235037
"449";"Spi_B_2_t0";0.609071619689233;0;275.690634606124;452.640749780445;275.690634606124
"450";"Spi_B_2_t1";0.635543784150539;0.00664140010503929;198.741959652008;312.711672442276;210.645268939177
"451";"Spi_B_2_t2";0.654003808007355;0;270.867826128276;414.168576408701;270.867826128276
"452";"Spi_B_2_t3";0.613339625663884;0;152.305992827382;248.32244070734;152.305992827382
"453";"Spi_B_3_t0";0.603895988217926;0.00398411468932122;174.61213323295;289.142727621396;181.691842620731
"454";"Spi_B_3_t1";0.558423230642286;0.00653421250516354;146.093041717266;261.61705620526;155.720182438193
"455";"Spi_B_3_t2";0.560471829374067;0.00744964084660374;98.3672317512819;175.507896375699;105.584950151369
"456";"Spi_B_3_t3";0.577624392119504;0.00377201818434781;107.495935602899;186.100062721485;111.816614525473
"457";"Spi_B_4_t0";0.506202516420268;0.00574226350652089;104.154094103138;205.755780986013;110.840168273253
"458";"Spi_B_4_t1";0.648598623843718;0;244.972343185617;377.694824163926;244.972343185617
"459";"Spi_B_4_t2";0.561748779064436;0.00112240898122047;131.271284146725;233.683256713705;133.177819026883
"460";"Spi_B_4_t3";0.594482302938713;0.000264439856381692;189.592677757511;318.920642078486;190.329345246903
"461";"Spi_B_5_t0";0.550608839122418;0.00265147059536542;206.04690238325;374.216481362078;212.432891562449
"462";"Spi_B_5_t1";0.572860555866965;0.00137550167748918;155.018712625017;270.604619287171;157.658752786128
"463";"Spi_B_5_t2";0.6183558739386;0.00597873490009818;160.731066726245;259.932950426221;169.745440885074
"464";"Spi_B_5_t3";0.596825502934461;0;133.489744968007;223.666288239473;133.489744968007
"465";"Spi_B_6_t0";0.566819851174414;0.00183302061701707;212.791510265726;375.412946150061;217.477456957963
"466";"Spi_B_6_t1";0.606563628758314;0;206.084789002298;339.757907054484;206.084789002298
"467";"Spi_B_6_t2";0.596769700111305;0.000675115693839041;136.950686587228;229.486662211042;138.162138835815
"468";"Spi_B_6_t3";0.627689686475011;0.00141153239215467;230.361832836291;366.999550574043;234.068584452855
"469";"Spi_B_7_t0";0.584513495887446;0.00194923250064529;125.395872477922;214.530328829343;128.231284499196
"470";"Spi_B_7_t1";0.607161222993859;0.00225250065123029;164.930473536892;271.641974636711;169.01781228112
"471";"Spi_B_7_t2";0.593359234986672;0;144.735001512422;243.924747401417;144.735001512422
"472";"Spi_B_7_t3";0.606956663938598;0.00495301363652847;130.037529357502;214.24516293087;136.354172687791
"473";"Spi_B_8_t0";0.550984373269797;0;150.590950931248;273.312562455394;150.590950931248
"474";"Spi_B_8_t1";0.598948302951479;0;174.194595701252;290.834108457877;174.194595701252
"475";"Spi_B_8_t2";0.614069632097421;0.00193865797027998;138.925794847882;226.23785249462;141.92244144365
"476";"Spi_B_8_t3";0.597305459766482;0;157.388998231777;263.498341858969;157.388998231777
"477";"Spi_B_9_t0";0.557990348901415;0;209.578789616637;375.595724960585;209.578789616637
"478";"Spi_B_9_t1";0.564014167138662;0;169.601736611245;300.704745541523;169.601736611245
"479";"Spi_B_9_t2";0.612565339723529;0;195.210885396784;318.677654019552;195.210885396784
"480";"Spi_B_9_t3";0.575843489059396;0.00498223394056692;145.935533385858;253.429162886315;153.38502850376
"481";"Spi_C_1_t0";0.582015914379987;0.0134185291595346;202.98611001089;348.763848196709;226.64200580798
"482";"Spi_C_1_t1";0.592719750495372;0.0103272855609793;169.370391320448;285.751219153563;184.976108320403
"483";"Spi_C_1_t2";0.579470983905303;0.00464700917332875;168.891945428252;291.458848016888;176.975509058481
"484";"Spi_C_1_t3";0.553585453311291;0.0060362765269462;107.845201664856;194.812202921474;114.540795320544
"485";"Spi_C_10_t0";0.564768035909798;0.0155384117579147;153.521090674749;271.830346112698;174.265945486227
"486";"Spi_C_10_t1";0.563935889282884;0.00736050271377224;193.942638330745;343.909018766952;207.956626907821
"487";"Spi_C_10_t2";0.666325198122567;0.00160730068403617;161.983832761603;243.100265783145;164.753498617061
"488";"Spi_C_10_t3";0.501669463374905;0.00705234555242544;91.4994696981222;182.389952704264;98.5377487447895
"489";"Spi_C_11_t0";0.514384643904332;0.00924341578612393;134.158627053708;260.813826080429;146.844638076577
"490";"Spi_C_11_t1";0.585652083471986;0.00493323786464734;154.430437063112;263.689725387101;162.136632742669
"491";"Spi_C_11_t2";0.665531455572926;0.00272362040075492;173.75869083418;261.082612067674;178.443286500885
"492";"Spi_C_11_t3";0.647961728622035;0.00576621280640444;189.480215021211;292.425010076077;199.385980369486
"493";"Spi_C_12_t0";0.532482254706882;0.0147009563425978;131.269320237405;246.523370642023;149.05882811998
"494";"Spi_C_12_t1";0.61861624945595;0.00700755540651845;151.605372291067;245.071758823662;161.32593225449
"495";"Spi_C_12_t2";0.638624850696216;0.0042294960555466;145.357827956342;227.610666571894;151.270770187652
"496";"Spi_C_12_t3";0.522110584344751;0.0050019058021605;109.405508198224;209.544704663531;115.493740682919
"497";"Spi_C_13_t0";0.508255391046545;0.0156514668523256;153.269607387038;301.560219698686;176.027478328427
"498";"Spi_C_13_t1";0.618424342093011;0.00901240293648885;187.660072857719;303.448716495534;202.539466437732
"499";"Spi_C_13_t2";0.655860934143436;0.00173322224666289;165.973434680497;253.061931333448;169.044278615399
"500";"Spi_C_13_t3";0.383608965210978;0.00115836862069262;67.2335463872135;175.265837049028;68.6292241327598
"501";"Spi_C_14_t0";0.592693773452477;0.00506105957432289;221.095241341256;373.03452684067;232.25630130379
"502";"Spi_C_14_t1";0.702037829365088;0.00974070915982276;221.518389724614;315.536258103002;238.37108686338
"503";"Spi_C_14_t2";0.686193266636385;0.00687583972655156;152.671916065488;222.491131126748;161.496961749001
"504";"Spi_C_14_t3";0.567739353564542;0.0106173885231485;111.838237677672;196.988700845728;122.773793582515
"505";"Spi_C_15_t0";0.516075441800791;0.00371582708402332;129.858917291937;251.627779145638;135.530637999246
"506";"Spi_C_15_t1";0.657312326776649;0.0110950935662357;196.320911029451;298.67218829164;213.934100598927
"507";"Spi_C_15_t2";0.669744300559706;0.00504387622947483;157.346906525784;234.935790262477;164.48666287136
"508";"Spi_C_15_t3";0.539105505449574;0.00492250478263393;125.212951151622;232.260568452558;131.903128140805
"509";"Spi_C_2_t0";0.602998330016013;0.008242244420514;173.677595125993;288.023343483191;186.725115921225
"510";"Spi_C_2_t1";0.557101167094721;0.00128424331672845;169.817369603405;304.82321638097;172.609202994254
"511";"Spi_C_2_t2";0.561824384118413;0.00577613627874198;139.545984492412;248.380078254134;147.789484451725
"512";"Spi_C_2_t3";0.651332902043741;0.0110258751147315;192.85194596991;296.088137670893;210.195835875089
"513";"Spi_C_3_t0";0.590666117645572;0.00505057665065812;181.751398329362;307.705813656339;190.936885792361
"514";"Spi_C_3_t1";0.624975070541172;0.00598097170032707;213.552683108037;341.697922323717;225.425789288193
"515";"Spi_C_3_t2";0.567169514101933;0.00723145228047828;136.655449999952;240.942869110894;146.337032721315
"516";"Spi_C_3_t3";0.566588432734814;0.0053313042276049;103.207700676463;182.156384976479;108.864292278728
"517";"Spi_C_4_t0";0.482593426427244;0.0196478995248742;122.254489644208;253.328128709269;145.178913803922
"518";"Spi_C_4_t1";0.677238053695601;0.00382085580322029;185.35838440536;273.69753278612;191.935556229039
"519";"Spi_C_4_t2";0.509822702117354;0.0040307269257394;110.446347231902;216.636777399683;115.669128478715
"520";"Spi_C_4_t3";0.584280905024661;0.00342380539824491;125.708828953097;215.151355918077;130.31607768956
"521";"Spi_C_5_t0";0.551628474315949;0.0220133342347722;147.558676599432;267.49648263247;174.76887682051
"522";"Spi_C_5_t1";0.694779250800482;0.00545680290507293;236.061875873895;339.765293223595;247.162249380035
"523";"Spi_C_5_t2";0.691484673398382;0.0145912137799044;223.169327350183;322.739369266699;247.316973355849
"524";"Spi_C_5_t3";0.590176784395911;0.00528908727609648;129.265229826337;219.027981520231;136.063468502251
"525";"Spi_C_6_t0";0.497057516576404;0.0236377561593536;135.29097737364;272.183747075163;164.176735349635
"526";"Spi_C_6_t1";0.557274891600457;0.00715029740501384;134.501023228607;241.35489550288;144.08082910248
"527";"Spi_C_6_t2";0.656670212034259;0;179.404018372192;273.202613860658;179.404018372192
"528";"Spi_C_6_t3";0.594665899264;0.00302480935894971;119.621436476182;201.157383707783;123.506586756408
"529";"Spi_C_7_t0";0.533949482975928;0.0159182751074674;197.769934984561;370.390722886938;226.350005735307
"530";"Spi_C_7_t1";0.570801906014263;0.00440899926695015;133.799972965157;234.407018538956;140.003279520105
"531";"Spi_C_7_t2";0.626478620510096;0.00229548963299045;162.58083344459;259.515373904079;166.56719005672
"532";"Spi_C_7_t3";0.394343533049455;0.00641228785184563;66.70114911387;169.144777392622;72.5004028527024
"533";"Spi_C_8_t0";0.538225218788402;0.00852882979856408;155.410899537607;288.746967092052;168.632778608968
"534";"Spi_C_8_t1";0.627304649110871;0.00262169196111406;172.166515111849;274.454390471797;176.892588178227
"535";"Spi_C_8_t2";0.604825068596016;0.00880652254822348;152.682214927079;252.440288696204;164.779349099454
"536";"Spi_C_8_t3";0.512349334484924;0.00763023516258715;91.8650302200394;179.301550791304;99.2830741288422
"537";"Spi_C_9_t0";0.563787361297246;0.00583641019364819;154.338354204786;273.752774183624;163.50898965488
"538";"Spi_C_9_t1";0.632078358725552;0.00674283558345728;180.385473136176;285.384668919664;191.379359922097
"539";"Spi_C_9_t2";0.521438680029572;0.00951720540807121;106.232393173296;203.729407199465;116.409884989129
"540";"Spi_C_9_t3";0.60063618416701;0.0069119593431108;148.918320152712;247.934313779711;158.594501913516
"541";"Spi_D_1_t0";0.353799018527781;0;98.9430551088065;279.658930430405;98.9430551088065
"542";"Spi_D_1_t1";0.48780884662443;0;166.711777548188;341.756363587521;166.711777548188
"543";"Spi_D_1_t2";0.407925404892168;0.00582487414629744;123.560554597094;302.899876093171;133.190963895948
"544";"Spi_D_1_t3";0.364340111750923;0;101.796186125703;279.398789324891;101.796186125703
"545";"Spi_D_10_t0";0.376539000064089;0;91.4493555649738;242.868216969314;91.4493555649738
"546";"Spi_D_10_t1";0.504351932117836;0.00740724933215378;127.757582769615;253.310386327153;137.953722784332
"547";"Spi_D_10_t2";0.440337056747413;0;98.2109610789987;223.03587575491;98.2109610789987
"548";"Spi_D_10_t3";0.230989776388225;0.0298796694162486;22.2187082770559;96.1891414610179;33.2107283719719
"549";"Spi_D_11_t0";0.393793143904681;0;129.766557014141;329.529751908406;129.766557014141
"550";"Spi_D_11_t1";0.3943789313637;0;119.597147828608;303.254404121082;119.597147828608
"551";"Spi_D_11_t2";0.489382612571071;0;153.845909203395;314.36733805301;153.845909203395
"552";"Spi_D_11_t3";0.494739204165207;0;130.589633750611;263.956510119226;130.589633750611
"553";"Spi_D_12_t0";0.314331030268934;0;127.920938204637;406.962488225202;127.920938204637
"554";"Spi_D_12_t1";0.389084187475287;0;110.998392777267;285.281171402828;110.998392777267
"555";"Spi_D_12_t2";0.336333048143565;0;80.3609926151569;238.93278718437;80.3609926151569
"556";"Spi_D_12_t3";0.371229577250766;0;91.3651142711167;246.11485687036;91.3651142711167
"557";"Spi_D_13_t0";0.452715987800325;0.0130996481701804;177.394618649219;391.845270389391;202.398180324467
"558";"Spi_D_13_t1";0.573450212316206;0.0151842943468203;182.004113010153;317.384332765395;205.821879160937
"559";"Spi_D_13_t2";0.59819847768387;0;205.807757776772;344.045940360175;205.807757776772
"560";"Spi_D_13_t3";0.504300473244154;0.00592572645103168;152.951209799871;303.293805805772;163.066048208207
"561";"Spi_D_14_t0";0.507278383045767;0;248.885640484686;490.629304939712;248.885640484686
"562";"Spi_D_14_t1";0.536030161225652;0;248.689714761513;463.947241686691;248.689714761513
"563";"Spi_D_14_t2";0.49247986289641;0;145.172951253107;294.77946651322;145.172951253107
"564";"Spi_D_14_t3";0.506737144129579;0.00539018849675652;109.575814146118;216.237975478068;116.237859334169
"565";"Spi_D_15_t0";0.345634315870905;0;96.0939584308745;278.022042425804;96.0939584308745
"566";"Spi_D_15_t1";0.642249695781092;0.00742272676682341;230.733590232036;359.258387738778;245.780431964861
"567";"Spi_D_15_t2";0.606725662412863;0;193.717890533783;319.284155154067;193.717890533783
"568";"Spi_D_15_t3";0.497230758660228;0;180.905248539365;363.825538522211;180.905248539365
"569";"Spi_D_2_t0";0.431597705082582;0.0131838655149213;173.900971015726;402.923762030781;199.548344070881
"570";"Spi_D_2_t1";0.347858544393257;0.00400374688669706;88.7311325759885;255.07820350009;94.4973976872632
"571";"Spi_D_2_t2";0.486476985590121;0.00702792220896798;129.890695638897;267.002755497947;140.114245430944
"572";"Spi_D_2_t3";0.434362195742737;0;120.718967791283;277.922362890859;120.718967791283
"573";"Spi_D_3_t0";0.307632591529365;0.0108456937146303;70.7398677892602;229.949198287424;82.5012097825823
"574";"Spi_D_3_t1";0.581353376398365;0.00168406121011301;156.477300384371;269.160388047952;159.611261394397
"575";"Spi_D_3_t2";0.488780008745616;0.00369543826861134;131.731570057174;269.510961373491;137.728883046813
"576";"Spi_D_3_t3";0.285847455607455;0.0231611923544912;39.4608001728618;138.048456961087;52.6227925936346
"577";"Spi_D_4_t0";0.35007957750014;0;97.5799155162963;278.736383919046;97.5799155162963
"578";"Spi_D_4_t1";0.502902535360648;0.00572623646487735;129.329909865821;257.166947414719;137.658421015001
"579";"Spi_D_4_t2";0.502323728965646;0.00420776783539839;107.023604260966;213.057034915197;112.338939721665
"580";"Spi_D_4_t3";0.419434242981736;0.00426487450469314;86.9311833523268;207.25819316596;92.0188118241193
"581";"Spi_D_5_t0";0.420189593750989;4.13485795278714e-05;101.976124047737;242.690741427951;102.078797507254
"582";"Spi_D_5_t1";0.436987865868957;0;126.647062991749;289.818260147589;126.647062991749
"583";"Spi_D_5_t2";0.398818698047553;0;108.24776160261;271.420979338594;108.24776160261
"584";"Spi_D_5_t3";0.441115154276734;0;156.798100952328;355.458431731776;156.798100952328
"585";"Spi_D_6_t0";0.40599139202329;0;117.019956573789;288.23260510675;117.019956573789
"586";"Spi_D_6_t1";0.448008413427359;0.0186843231098398;137.994624344859;308.017930487446;164.396447585184
"587";"Spi_D_6_t2";0.499094503058367;0;181.067441889374;362.791897686356;181.067441889374
"588";"Spi_D_6_t3";0.51802463289857;0.00332928037495401;90.7994369912475;175.280153152536;94.3997787547962
"589";"Spi_D_7_t0";0.326063660688551;0.0118965049138082;126.635115297268;388.375432668125;148.301849869772
"590";"Spi_D_7_t1";0.446677444364539;0.0101721552668181;99.5548074741873;222.878519455617;111.037724082198
"591";"Spi_D_7_t2";0.561332427819138;0;174.865578483374;311.518753981047;174.865578483374
"592";"Spi_D_7_t3";0.503616867264794;0.0145809259520991;75.3547859021258;149.627208300999;85.9810905488507
"593";"Spi_D_8_t0";0.415552904092232;0.00569360142311567;90.3794288603858;217.491991922949;97.1827749043373
"594";"Spi_D_8_t1";0.594742207119669;0;181.832900445718;305.733977291325;181.832900445718
"595";"Spi_D_8_t2";0.485534263754844;0.0022749070954844;176.871011963144;364.28121590292;182.225719814041
"596";"Spi_D_8_t3";0.582019025088848;0.0112116160297911;195.759560803501;336.345638827902;215.382674794987
"597";"Spi_D_9_t0";0.396630571351177;0.00232567658285159;171.007330609626;431.150150698332;177.278171498343
"598";"Spi_D_9_t1";0.44005071453533;0;132.669966608085;301.487901793723;132.669966608085
"599";"Spi_D_9_t2";0.514517113646024;0;151.822092316979;295.076856124614;151.822092316979
"600";"Spi_D_9_t3";0.501491146662797;0.00659399585883948;115.037579116026;229.391046844098;123.401919000696
"601";"Spi_E_1_t0";0.475291851497068;7.95949453023643e-05;134.501688809165;282.987575708511;134.720235930219
"602";"Spi_E_1_t1";0.415167576289473;0;136.060077348198;327.723273971018;136.060077348198
"603";"Spi_E_1_t2";0.607108536823179;0;180.160313138505;296.751408045142;180.160313138505
"604";"Spi_E_1_t3";0.595984213693699;0.00289853394223989;223.235035573202;374.565349960648;230.212585268684
"605";"Spi_E_10_t0";0.536261995523224;0.00118457947717467;165.062771710551;307.802479177181;167.678007693466
"606";"Spi_E_10_t1";0.466116612604285;0;78.406595427426;168.212402877797;78.406595427426
"607";"Spi_E_10_t2";0.518567158672857;0;193.36658635935;372.886294716818;193.36658635935
"608";"Spi_E_10_t3";0.523359921525619;0;149.672865559365;285.984576585577;149.672865559365
"609";"Spi_E_11_t0";0.517389764924133;0;200.09480534621;386.739009759018;200.09480534621
"610";"Spi_E_11_t1";0.537310446524241;0;198.765125951007;369.926040405096;198.765125951007
"611";"Spi_E_11_t2";0.542984492558178;0;184.934676907242;340.589242311423;184.934676907242
"612";"Spi_E_11_t3";0.485830401009121;0;154.701361644956;318.426680017604;154.701361644956
"613";"Spi_E_12_t0";0.368882724390835;0;138.022230314236;374.162901074219;138.022230314236
"614";"Spi_E_12_t1";0.533079325541555;0;195.49387889299;366.725681387827;195.49387889299
"615";"Spi_E_12_t2";0.581007770811166;0;173.910869386978;299.326236453214;173.910869386978
"616";"Spi_E_12_t3";0.458123382350807;0;121.876503140944;266.034234086785;121.876503140944
"617";"Spi_E_13_t0";0.551228685499507;0;238.161190519958;432.055146593367;238.161190519958
"618";"Spi_E_13_t1";0.612467556626718;0.00405517570715825;232.227621675095;379.167221451097;241.672147485207
"619";"Spi_E_13_t2";0.449719187712399;0;132.620551192175;294.896359363229;132.620551192175
"620";"Spi_E_13_t3";0.432641194297874;0;121.267601241335;280.296011659589;121.267601241335
"621";"Spi_E_14_t0";0.52136989632579;0;217.875651023977;417.890738532078;217.875651023977
"622";"Spi_E_14_t1";0.507394971992264;0;195.985931810816;386.259112977186;195.985931810816
"623";"Spi_E_14_t2";0.463670128853662;0;153.970349324937;332.06872675969;153.970349324937
"624";"Spi_E_14_t3";0.479300420291478;0;123.826166276447;258.347710609443;123.826166276447
"625";"Spi_E_15_t0";0.54918535880559;0;237.170788794441;431.859271176235;237.170788794441
"626";"Spi_E_15_t1";0.598999160267346;0;249.788570743769;417.009884675436;249.788570743769
"627";"Spi_E_15_t2";0.564275131361223;0;172.757781296214;306.158772015105;172.757781296214
"628";"Spi_E_15_t3";0.505845397896138;0;122.130038437819;241.437480593418;122.130038437819
"629";"Spi_E_2_t0";0.521973293423907;0;250.369676642632;479.659936239882;250.369676642632
"630";"Spi_E_2_t1";0.524971005700078;0;203.265512036672;387.193787522811;203.265512036672
"631";"Spi_E_2_t2";0.485573133315272;0;245.372467335924;505.325460782052;245.372467335924
"632";"Spi_E_2_t3";0.450985639939088;0.000784321512544132;94.7542187496145;210.104735845719;95.9740717770328
"633";"Spi_E_3_t0";0.514580065230328;0;163.15997195721;317.074024008642;163.15997195721
"634";"Spi_E_3_t1";0.510558051521573;0;189.909574382558;371.96470375227;189.909574382558
"635";"Spi_E_3_t2";0.596388542065923;0;166.57980976342;279.314235626289;166.57980976342
"636";"Spi_E_3_t3";0.522121192980392;0;163.8224930116;313.763346928061;163.8224930116
"637";"Spi_E_4_t0";0.550128812853424;0;153.523982994593;279.069155091678;153.523982994593
"638";"Spi_E_4_t1";0.522000442796116;0;240.013380273137;459.795357619805;240.013380273137
"639";"Spi_E_4_t2";0.585761324457922;0.000773523005558983;222.280496667838;379.472811513362;224.531569204838
"640";"Spi_E_4_t3";0.515448701610064;0;145.601282373357;282.474826143814;145.601282373357
"641";"Spi_E_5_t0";0.558544324549435;0;152.691407606531;273.373841421992;152.691407606531
"642";"Spi_E_5_t1";0.530736412373718;0;189.043917947291;356.191724441502;189.043917947291
"643";"Spi_E_5_t2";0.612098525132498;0;220.490637846289;360.220828499073;220.490637846289
"644";"Spi_E_5_t3";0.479721460375675;0;210.334555500812;438.451419988793;210.334555500812
"645";"Spi_E_6_t0";0.557279321136549;0;158.54969944416;284.506697863478;158.54969944416
"646";"Spi_E_6_t1";0.519468857693975;0;159.031693897336;306.142883335315;159.031693897336
"647";"Spi_E_6_t2";0.475102761721055;0.00478701862695246;94.462395881151;198.825187921371;99.9482643228264
"648";"Spi_E_6_t3";0.604730469292632;0.00393131145712524;193.027434891565;319.195814818714;200.756313287115
"649";"Spi_E_7_t0";0.499560388836534;0;180.211804324463;360.740779996934;180.211804324463
"650";"Spi_E_7_t1";0.437025434875709;0;151.884676551271;347.541960788775;151.884676551271
"651";"Spi_E_7_t2";0.465845789175496;0;147.554255397935;316.744851679548;147.554255397935
"652";"Spi_E_7_t3";0.517031432198843;0;117.818714646668;227.875342405404;117.818714646668
"653";"Spi_E_8_t0";0.489662172526151;0;146.23574886255;298.646203581798;146.23574886255
"654";"Spi_E_8_t1";0.60232674772623;0.00539909463435627;224.475416334099;372.680471490746;236.282968616516
"655";"Spi_E_8_t2";0.560944265480927;0;214.27787733357;381.99495122721;214.27787733357
"656";"Spi_E_8_t3";0.641476331911361;0;181.216518128489;282.499149405141;181.216518128489
"657";"Spi_E_9_t0";0.512773065785441;0;172.74694390499;336.887710044568;172.74694390499
"658";"Spi_E_9_t1";0.572480862713524;0.00298042417756244;217.838442904975;380.516550147081;225.055468475591
"659";"Spi_E_9_t2";0.50675274443725;0;166.661581324182;328.881457779295;166.661581324182
"660";"Spi_E_9_t3";0.56623460784184;0;165.618004563564;292.490077911;165.618004563564
"661";"Spi_F_1_t0";0.523185130577131;0;268.898779270309;513.964873148599;268.898779270309
"662";"Spi_F_1_t1";0.486040179379018;0.0121814241732784;213.817196667224;439.916710055544;240.539829530755
"663";"Spi_F_1_t2";0.438105674804088;0;113.608947521325;259.318593789338;113.608947521325
"664";"Spi_F_1_t3";0.497325542728733;0;200.450851259216;403.057623301187;200.450851259216
"665";"Spi_F_10_t0";0.554006406618536;0;148.095588792428;267.317466049451;148.095588792428
"666";"Spi_F_10_t1";0.559858918221819;0;260.362771722932;465.050681964442;260.362771722932
"667";"Spi_F_10_t2";0.508400512671849;0.000561890181643802;153.848658323874;302.613106181459;155.182085576415
"668";"Spi_F_10_t3";0.498931071114516;0;199.623974093466;400.103312162027;199.623974093466
"669";"Spi_F_11_t0";0.403679501778664;0;170.525751082165;422.428561100592;170.525751082165
"670";"Spi_F_11_t1";0.477171939064868;0;172.538572347285;361.585747656107;172.538572347285
"671";"Spi_F_11_t2";0.542135979304048;0.00516085154986977;138.669983993559;255.784506631663;146.345335933072
"672";"Spi_F_11_t3";0.495112404461921;0;150.254674430004;303.475883609296;150.254674430004
"673";"Spi_F_12_t0";0.493092481886279;0.020553799206825;250.684010580085;508.391467704226;298.625143730908
"674";"Spi_F_12_t1";0.565253103102266;0.00129804692031435;225.801739592026;399.470145944823;229.501659665168
"675";"Spi_F_12_t2";0.577385897420076;0;188.960723140047;327.269377351227;188.960723140047
"676";"Spi_F_12_t3";0.480342105142461;0;190.919711399114;397.466117076058;190.919711399114
"677";"Spi_F_13_t0";0.540262564216621;0;218.093679134438;403.680901804983;218.093679134438
"678";"Spi_F_13_t1";0.569473954490323;0.00362213890029697;208.573341455634;366.256155897957;216.770803971784
"679";"Spi_F_13_t2";0.599098836517988;0.00859850004824931;208.716422312084;348.383955350609;225.054056562158
"680";"Spi_F_13_t3";0.46749418649831;0.0001327524098288;140.665737315392;300.893019374264;141.032375398151
"681";"Spi_F_14_t0";0.550394879075768;0.00963903123580444;219.036021630137;397.961590772693;239.304835143402
"682";"Spi_F_14_t1";0.582942841519052;0.00804365460385837;184.010050104335;315.657105634637;197.944107676264
"683";"Spi_F_14_t2";0.508672646866025;0.00129614551288826;173.688768516595;341.454901470928;176.802732840185
"684";"Spi_F_14_t3";0.511813205982376;0;115.234631088684;225.149780704666;115.234631088684
"685";"Spi_F_15_t0";0.480115550461362;0;129.94227072131;270.647910896541;129.94227072131
"686";"Spi_F_15_t1";0.526411817262571;0.00492858920646762;181.535368524664;344.854280568165;191.442950351133
"687";"Spi_F_15_t2";0.495594879982514;0;161.00620739906;324.874638343197;161.00620739906
"688";"Spi_F_15_t3";0.542906138282371;0.00139328691973517;191.17713373594;352.136622254411;194.62585239656
"689";"Spi_F_2_t0";0.470870933469209;0.0040501499494661;119.891659185793;254.616818885961;125.98131308779
"690";"Spi_F_2_t1";0.601297436031067;0;299.338945259412;497.821755627687;299.338945259412
"691";"Spi_F_2_t2";0.641187617101123;0;233.643890771306;364.39239395738;233.643890771306
"692";"Spi_F_2_t3";0.491621042885424;0.00408108833259014;108.352398055701;220.398210417842;113.692660241112
"693";"Spi_F_3_t0";0.596377319817724;0;201.857999099682;338.473634713972;201.857999099682
"694";"Spi_F_3_t1";0.521984000034179;0;158.90691054181;304.428699982001;158.90691054181
"695";"Spi_F_3_t2";0.449353387765271;0;121.573767629985;270.552689576008;121.573767629985
"696";"Spi_F_3_t3";0.439927739605083;0;143.66314869353;326.560786602123;143.66314869353
"697";"Spi_F_4_t0";0.469108062249849;0;139.395200902747;297.149446194136;139.395200902747
"698";"Spi_F_4_t1";0.552371303376293;8.72789320998249e-07;191.998495224898;347.589554437991;192.002851107376
"699";"Spi_F_4_t2";0.564008519445576;0;182.613931586486;323.778675836309;182.613931586486
"700";"Spi_F_4_t3";0.513807563371507;0;227.760366936613;443.279513913912;227.760366936613
"701";"Spi_F_5_t0";0.601197484700074;0;255.012580807391;424.174397427182;255.012580807391
"702";"Spi_F_5_t1";0.56877985402067;0;261.97233015309;460.586513923134;261.97233015309
"703";"Spi_F_5_t2";0.525763522864888;0;308.583677636991;586.92485160537;308.583677636991
"704";"Spi_F_5_t3";0.567860108285363;0;222.114594832949;391.143155844523;222.114594832949
"705";"Spi_F_6_t0";0.479116716960742;0;150.40017034963;313.911339399067;150.40017034963
"706";"Spi_F_6_t1";0.434860659285343;0;122.436622846188;281.553689053873;122.436622846188
"707";"Spi_F_6_t2";0.555677663194928;7.93519986422282e-05;184.339300751295;331.73782745093;184.598883829912
"708";"Spi_F_6_t3";0.515334135942623;0.00339588152826729;177.83715905559;345.090974286614;185.040479444231
"709";"Spi_F_7_t0";0.403243515218602;0;106.36953407867;263.784859679656;106.36953407867
"710";"Spi_F_7_t1";0.552203237400127;0.0154817786661104;258.830446561779;468.723160299458;294.361341936613
"711";"Spi_F_7_t2";0.470948477459268;0.00313065208580782;120.451990230861;255.764687637786;125.367367948912
"712";"Spi_F_7_t3";0.536814745949939;0;158.141129860315;294.591627844483;158.141129860315
"713";"Spi_F_8_t0";0.485386848886101;0;249.466244968999;513.953448762551;249.466244968999
"714";"Spi_F_8_t1";0.508701350227099;0.00500877563876042;198.431790082885;390.075217992441;209.733142227488
"715";"Spi_F_8_t2";0.49283675597241;0;134.420298275099;272.748119222309;134.420298275099
"716";"Spi_F_8_t3";0.506300081924666;0;204.18749908247;403.293434807012;204.18749908247
"717";"Spi_F_9_t0";0.553787659734643;0;217.19443567897;392.198041724228;217.19443567897
"718";"Spi_F_9_t1";0.485731706575612;0;175.889024428229;362.111474394453;175.889024428229
"719";"Spi_F_9_t2";0.543003744335017;0;204.527202356922;376.658917163442;204.527202356922
"720";"Spi_F_9_t3";0.594109556927081;6.49674765931095e-05;244.07123669817;410.81856679866;244.341513814328
