# Filename;t;Date;Time;No.;ML;Temp.;PAR;F;Fo';Fm';~Fo';Y(II);ETR
Pve_A_10_t2.CSV;2;29.06.2021;12:52:35;1;4;0;0;0.447;0;1.175;0.447;0.62;0
Pve_A_10_t2.CSV;12;29.06.2021;12:52:45;2;4;0;31;0.498;0;1.16;0.445;0.571;7.4
Pve_A_10_t2.CSV;22;29.06.2021;12:52:55;3;4;0;101;0.573;0;1.155;0.444;0.504;21.4
Pve_A_10_t2.CSV;32;29.06.2021;12:53:05;4;4;0;198;0.643;0;1.14;0.442;0.436;36.3
Pve_A_10_t2.CSV;42;29.06.2021;12:53:15;5;4;0;363;0.736;0;1.131;0.44;0.349;53.2
Pve_A_10_t2.CSV;52;29.06.2021;12:53:25;6;4;0;619;0.827;0;1.119;0.439;0.261;67.8
Pve_A_10_t2.CSV;62;29.06.2021;12:53:35;7;4;0;981;0.895;0;1.102;0.436;0.188;77.4
Pve_A_10_t2.CSV;72;29.06.2021;12:53:45;8;4;0;1386;0.928;0;1.076;0.432;0.138;80.1
Pve_A_10_t2.CSV;82;29.06.2021;12:53:55;9;4;0;2015;0.943;0;1.047;0.427;0.099;84.1
Pve_A_10_t2.CSV;92;29.06.2021;12:54:05;10;4;0;2970;0.935;0;0.996;0.418;0.061;76.4
Pve_A_11_t2.CSV;2;27.06.2021;15:31:22;1;4;0;0;0.297;0;0.854;0.297;0.652;0
Pve_A_11_t2.CSV;13;27.06.2021;15:31:33;2;4;0;31;0.306;0;0.851;0.297;0.64;8.3
Pve_A_11_t2.CSV;23;27.06.2021;15:31:43;3;4;0;101;0.37;0;0.85;0.297;0.565;24
Pve_A_11_t2.CSV;32;27.06.2021;15:31:52;4;4;0;198;0.443;0;0.85;0.297;0.479;39.8
Pve_A_11_t2.CSV;43;27.06.2021;15:32:03;5;4;0;363;0.534;0;0.848;0.296;0.37;56.5
Pve_A_11_t2.CSV;53;27.06.2021;15:32:13;6;4;0;619;0.62;0;0.846;0.296;0.267;69.5
Pve_A_11_t2.CSV;63;27.06.2021;15:32:23;7;4;0;981;0.681;0;0.839;0.295;0.188;77.6
Pve_A_11_t2.CSV;73;27.06.2021;15:32:33;8;4;0;1386;0.717;0;0.832;0.294;0.138;80.5
Pve_A_11_t2.CSV;82;27.06.2021;15:32:42;9;4;0;2015;0.74;0;0.82;0.293;0.098;82.6
Pve_A_11_t2.CSV;93;27.06.2021;15:32:53;10;4;0;2970;0.751;0;0.803;0.291;0.065;80.8
Pve_A_12_t2.CSV;2;27.06.2021;13:43:49;1;4;0;0;0.31;0;0.852;0.31;0.636;0
Pve_A_12_t2.CSV;12;27.06.2021;13:43:59;2;4;0;31;0.307;0;0.837;0.308;0.633;8.2
Pve_A_12_t2.CSV;22;27.06.2021;13:44:09;3;4;0;101;0.35;0;0.841;0.309;0.584;24.8
Pve_A_12_t2.CSV;32;27.06.2021;13:44:19;4;4;0;198;0.408;0;0.842;0.309;0.515;42.9
Pve_A_12_t2.CSV;42;27.06.2021;13:44:29;5;4;0;363;0.491;0;0.844;0.309;0.418;63.8
Pve_A_12_t2.CSV;52;27.06.2021;13:44:39;6;4;0;619;0.579;0;0.841;0.309;0.312;81
Pve_A_12_t2.CSV;63;27.06.2021;13:44:50;7;4;0;981;0.647;0;0.837;0.308;0.227;93.5
Pve_A_12_t2.CSV;72;27.06.2021;13:44:59;8;4;0;1386;0.686;0;0.83;0.307;0.173;101
Pve_A_12_t2.CSV;82;27.06.2021;13:45:09;9;4;0;2015;0.712;0;0.809;0.304;0.12;101.5
Pve_A_12_t2.CSV;92;27.06.2021;13:45:19;10;4;0;2970;0.725;0;0.786;0.301;0.078;96.8
Pve_A_13_t2.CSV;2;27.06.2021;14:43:36;1;4;0;0;0.346;0;0.974;0.346;0.645;0
Pve_A_13_t2.CSV;12;27.06.2021;14:43:46;2;4;0;31;0.363;0;0.958;0.344;0.621;8.1
Pve_A_13_t2.CSV;22;27.06.2021;14:43:56;3;4;0;101;0.426;0;0.96;0.344;0.556;23.6
Pve_A_13_t2.CSV;32;27.06.2021;14:44:06;4;4;0;198;0.502;0;0.959;0.344;0.477;39.6
Pve_A_13_t2.CSV;42;27.06.2021;14:44:16;5;4;0;363;0.599;0;0.964;0.345;0.379;57.7
Pve_A_13_t2.CSV;52;27.06.2021;14:44:26;6;4;0;619;0.689;0;0.962;0.344;0.284;73.8
Pve_A_13_t2.CSV;62;27.06.2021;14:44:36;7;4;0;981;0.755;0;0.95;0.343;0.205;84.6
Pve_A_13_t2.CSV;72;27.06.2021;14:44:46;8;4;0;1386;0.798;0;0.94;0.342;0.151;87.9
Pve_A_13_t2.CSV;82;27.06.2021;14:44:56;9;4;0;2015;0.827;0;0.926;0.34;0.107;90.5
Pve_A_13_t2.CSV;92;27.06.2021;14:45:06;10;4;0;2970;0.837;0;0.902;0.336;0.072;89.9
Pve_A_14_t2.CSV;2;27.06.2021;14:13:36;1;4;0;0;0.325;0;0.899;0.325;0.638;0
Pve_A_14_t2.CSV;12;27.06.2021;14:13:46;2;4;0;31;0.368;0;0.899;0.325;0.591;7.7
Pve_A_14_t2.CSV;22;27.06.2021;14:13:56;3;4;0;101;0.438;0;0.896;0.325;0.511;21.7
Pve_A_14_t2.CSV;32;27.06.2021;14:14:06;4;4;0;198;0.518;0;0.902;0.325;0.426;35.4
Pve_A_14_t2.CSV;42;27.06.2021;14:14:16;5;4;0;363;0.61;0;0.904;0.326;0.325;49.6
Pve_A_14_t2.CSV;52;27.06.2021;14:14:26;6;4;0;619;0.697;0;0.904;0.326;0.229;59.5
Pve_A_14_t2.CSV;62;27.06.2021;14:14:36;7;4;0;981;0.755;0;0.899;0.325;0.16;66
Pve_A_14_t2.CSV;72;27.06.2021;14:14:46;8;4;0;1386;0.786;0;0.891;0.324;0.118;68.6
Pve_A_14_t2.CSV;82;27.06.2021;14:14:56;9;4;0;2015;0.805;0;0.874;0.322;0.079;66.8
Pve_A_14_t2.CSV;92;27.06.2021;14:15:06;10;4;0;2970;0.81;0;0.852;0.319;0.049;61.5
Pve_A_15_t2.CSV;2;27.06.2021;13:11:37;1;4;0;0;0.32;0;0.871;0.32;0.633;0
Pve_A_15_t2.CSV;12;27.06.2021;13:11:47;2;4;0;31;0.331;0;0.864;0.319;0.617;8
Pve_A_15_t2.CSV;22;27.06.2021;13:11:57;3;4;0;101;0.39;0;0.865;0.319;0.549;23.3
Pve_A_15_t2.CSV;32;27.06.2021;13:12:07;4;4;0;198;0.462;0;0.865;0.319;0.466;38.7
Pve_A_15_t2.CSV;42;27.06.2021;13:12:17;5;4;0;363;0.554;0;0.866;0.319;0.36;54.9
Pve_A_15_t2.CSV;52;27.06.2021;13:12:27;6;4;0;619;0.639;0;0.865;0.319;0.261;67.9
Pve_A_15_t2.CSV;62;27.06.2021;13:12:37;7;4;0;981;0.696;0;0.857;0.318;0.188;77.4
Pve_A_15_t2.CSV;72;27.06.2021;13:12:47;8;4;0;1386;0.725;0;0.846;0.317;0.143;83.3
Pve_A_15_t2.CSV;82;27.06.2021;13:12:57;9;4;0;2015;0.739;0;0.821;0.313;0.1;84.5
Pve_A_15_t2.CSV;92;27.06.2021;13:13:07;10;4;0;2970;0.741;0;0.797;0.309;0.07;87.6
Pve_A_1_t2.CSV;2;28.06.2021;15:33:33;1;4;0;0;0.318;0;0.846;0.318;0.624;0
Pve_A_1_t2.CSV;12;28.06.2021;15:33:43;2;4;0;31;0.359;0;0.839;0.317;0.572;7.4
Pve_A_1_t2.CSV;22;28.06.2021;15:33:53;3;4;0;101;0.446;0;0.839;0.317;0.468;19.9
Pve_A_1_t2.CSV;32;28.06.2021;15:34:03;4;4;0;198;0.526;0;0.839;0.317;0.373;31
Pve_A_1_t2.CSV;42;28.06.2021;15:34:13;5;4;0;363;0.609;0;0.84;0.317;0.275;41.9
Pve_A_1_t2.CSV;52;28.06.2021;15:34:23;6;4;0;619;0.675;0;0.836;0.317;0.193;50.1
Pve_A_1_t2.CSV;62;28.06.2021;15:34:33;7;4;0;981;0.718;0;0.83;0.316;0.135;55.6
Pve_A_1_t2.CSV;72;28.06.2021;15:34:43;8;4;0;1386;0.74;0;0.821;0.314;0.099;57.4
Pve_A_1_t2.CSV;82;28.06.2021;15:34:53;9;4;0;2015;0.752;0;0.806;0.312;0.067;56.7
Pve_A_1_t2.CSV;92;28.06.2021;15:35:03;10;4;0;2970;0.751;0;0.784;0.309;0.042;52.5
Pve_A_2_t2.CSV;2;28.06.2021;13:33:38;1;4;0;0;0.361;0;0.987;0.361;0.634;0
Pve_A_2_t2.CSV;12;28.06.2021;13:33:48;2;4;0;31;0.375;0;0.97;0.359;0.613;8
Pve_A_2_t2.CSV;22;28.06.2021;13:33:58;3;4;0;101;0.455;0;0.967;0.358;0.529;22.5
Pve_A_2_t2.CSV;32;28.06.2021;13:34:08;4;4;0;198;0.537;0;0.975;0.359;0.449;37.4
Pve_A_2_t2.CSV;42;28.06.2021;13:34:18;5;4;0;363;0.64;0;0.966;0.358;0.337;51.5
Pve_A_2_t2.CSV;52;28.06.2021;13:34:28;6;4;0;619;0.731;0;0.961;0.357;0.239;62.2
Pve_A_2_t2.CSV;62;28.06.2021;13:34:38;7;4;0;981;0.793;0;0.954;0.356;0.169;69.5
Pve_A_2_t2.CSV;72;28.06.2021;13:34:48;8;4;0;1386;0.826;0;0.941;0.355;0.122;71.1
Pve_A_2_t2.CSV;82;28.06.2021;13:34:58;9;4;0;2015;0.846;0;0.925;0.352;0.085;72.3
Pve_A_2_t2.CSV;92;28.06.2021;13:35:08;10;4;0;2970;0.847;0;0.896;0.348;0.055;68.2
Pve_A_3_t2.CSV;2;28.06.2021;14:44:13;1;4;0;0;0.379;0;1.033;0.379;0.633;0
Pve_A_3_t2.CSV;13;28.06.2021;14:44:24;2;4;0;31;0.402;0;1.027;0.378;0.609;7.9
Pve_A_3_t2.CSV;22;28.06.2021;14:44:33;3;4;0;101;0.496;0;1.033;0.379;0.52;22.1
Pve_A_3_t2.CSV;33;28.06.2021;14:44:44;4;4;0;198;0.595;0;1.037;0.38;0.426;35.4
Pve_A_3_t2.CSV;42;28.06.2021;14:44:53;5;4;0;363;0.713;0;1.04;0.38;0.314;47.9
Pve_A_3_t2.CSV;52;28.06.2021;14:45:03;6;4;0;619;0.814;0;1.036;0.379;0.214;55.7
Pve_A_3_t2.CSV;63;28.06.2021;14:45:14;7;4;0;981;0.871;0;1.021;0.377;0.147;60.5
Pve_A_3_t2.CSV;72;28.06.2021;14:45:23;8;4;0;1386;0.897;0;1.002;0.375;0.105;61
Pve_A_3_t2.CSV;82;28.06.2021;14:45:33;9;4;0;2015;0.901;0;0.97;0.37;0.071;60.2
Pve_A_3_t2.CSV;92;28.06.2021;14:45:43;10;4;0;2970;0.895;0;0.94;0.366;0.048;59.7
Pve_A_4_t2.CSV;2;28.06.2021;14:09:39;1;4;0;0;0.315;0;0.864;0.315;0.635;0
Pve_A_4_t2.CSV;12;28.06.2021;14:09:49;2;4;0;31;0.351;0;0.858;0.314;0.591;7.7
Pve_A_4_t2.CSV;22;28.06.2021;14:09:59;3;4;0;101;0.441;0;0.861;0.315;0.488;20.7
Pve_A_4_t2.CSV;32;28.06.2021;14:10:09;4;4;0;198;0.523;0;0.864;0.315;0.395;32.8
Pve_A_4_t2.CSV;42;28.06.2021;14:10:19;5;4;0;363;0.611;0;0.863;0.315;0.292;44.5
Pve_A_4_t2.CSV;52;28.06.2021;14:10:29;6;4;0;619;0.683;0;0.86;0.314;0.206;53.5
Pve_A_4_t2.CSV;62;28.06.2021;14:10:39;7;4;0;981;0.733;0;0.857;0.314;0.145;59.6
Pve_A_4_t2.CSV;72;28.06.2021;14:10:49;8;4;0;1386;0.76;0;0.851;0.313;0.107;62.2
Pve_A_4_t2.CSV;82;28.06.2021;14:10:59;9;4;0;2015;0.776;0;0.836;0.311;0.072;60.7
Pve_A_4_t2.CSV;92;28.06.2021;14:11:09;10;4;0;2970;0.779;0;0.816;0.308;0.045;56.6
Pve_A_5_t2.CSV;2;28.06.2021;13:03:23;1;4;0;0;0.31;0;0.942;0.31;0.671;0
Pve_A_5_t2.CSV;12;28.06.2021;13:03:33;2;4;0;31;0.343;0;0.929;0.309;0.631;8.2
Pve_A_5_t2.CSV;22;28.06.2021;13:03:43;3;4;0;101;0.414;0;0.94;0.31;0.56;23.7
Pve_A_5_t2.CSV;32;28.06.2021;13:03:53;4;4;0;198;0.495;0;0.941;0.31;0.474;39.4
Pve_A_5_t2.CSV;42;28.06.2021;13:04:03;5;4;0;363;0.595;0;0.941;0.31;0.368;56.1
Pve_A_5_t2.CSV;52;28.06.2021;13:04:13;6;4;0;619;0.689;0;0.938;0.31;0.265;69
Pve_A_5_t2.CSV;62;28.06.2021;13:04:23;7;4;0;981;0.754;0;0.927;0.308;0.187;76.9
Pve_A_5_t2.CSV;72;28.06.2021;13:04:33;8;4;0;1386;0.794;0;0.922;0.308;0.139;80.8
Pve_A_5_t2.CSV;82;28.06.2021;13:04:43;9;4;0;2015;0.814;0;0.898;0.305;0.094;79.2
Pve_A_5_t2.CSV;92;28.06.2021;13:04:53;10;4;0;2970;0.818;0;0.873;0.302;0.063;78.6
Pve_A_6_t2.CSV;2;29.06.2021;15:11:53;1;4;0;0;0.317;0;0.881;0.317;0.64;0
Pve_A_6_t2.CSV;12;29.06.2021;15:12:03;2;4;0;31;0.323;0;0.866;0.315;0.627;8.2
Pve_A_6_t2.CSV;23;29.06.2021;15:12:14;3;4;0;101;0.381;0;0.864;0.315;0.559;23.7
Pve_A_6_t2.CSV;33;29.06.2021;15:12:24;4;4;0;198;0.45;0;0.861;0.314;0.477;39.7
Pve_A_6_t2.CSV;42;29.06.2021;15:12:33;5;4;0;363;0.534;0;0.859;0.314;0.378;57.7
Pve_A_6_t2.CSV;52;29.06.2021;15:12:43;6;4;0;619;0.617;0;0.858;0.314;0.281;73
Pve_A_6_t2.CSV;62;29.06.2021;15:12:53;7;4;0;981;0.678;0;0.849;0.313;0.201;83
Pve_A_6_t2.CSV;72;29.06.2021;15:13:03;8;4;0;1386;0.71;0;0.836;0.311;0.151;87.7
Pve_A_6_t2.CSV;82;29.06.2021;15:13:13;9;4;0;2015;0.734;0;0.819;0.309;0.104;87.8
Pve_A_6_t2.CSV;92;29.06.2021;15:13:23;10;4;0;2970;0.743;0;0.8;0.306;0.071;88.9
Pve_A_7_t2.CSV;0;29.06.2021;13:27:09;1;4;0;0;0.324;0;0.965;0.324;0.664;0
Pve_A_7_t2.CSV;12;29.06.2021;13:27:20;2;4;0;31;0.338;0;0.795;0.302;0.575;7.5
Pve_A_7_t2.CSV;22;29.06.2021;13:27:30;3;4;0;101;0.381;0;0.77;0.299;0.505;21.4
Pve_A_7_t2.CSV;32;29.06.2021;13:27:40;4;4;0;198;0.436;0;0.765;0.298;0.43;35.8
Pve_A_7_t2.CSV;42;29.06.2021;13:27:50;5;4;0;363;0.509;0;0.764;0.298;0.334;50.9
Pve_A_7_t2.CSV;51;29.06.2021;13:27:59;6;4;0;619;0.576;0;0.764;0.298;0.246;64
Pve_A_7_t2.CSV;62;29.06.2021;13:28:10;7;4;0;981;0.626;0;0.762;0.297;0.178;73.5
Pve_A_7_t2.CSV;71;29.06.2021;13:28:19;8;4;0;1386;0.653;0;0.757;0.297;0.137;80
Pve_A_7_t2.CSV;82;29.06.2021;13:28:30;9;4;0;2015;0.67;0;0.741;0.294;0.096;81.1
Pve_A_7_t2.CSV;91;29.06.2021;13:28:39;10;4;0;2970;0.68;0;0.728;0.292;0.066;82.2
Pve_A_8_t2.CSV;2;29.06.2021;14:34:34;1;4;0;0;0.361;0;0.957;0.361;0.623;0
Pve_A_8_t2.CSV;12;29.06.2021;14:34:44;2;4;0;31;0.385;0;0.954;0.361;0.596;7.8
Pve_A_8_t2.CSV;22;29.06.2021;14:34:54;3;4;0;101;0.472;0;0.95;0.36;0.503;21.3
Pve_A_8_t2.CSV;32;29.06.2021;14:35:04;4;4;0;198;0.56;0;0.952;0.36;0.412;34.2
Pve_A_8_t2.CSV;42;29.06.2021;14:35:14;5;4;0;363;0.66;0;0.955;0.361;0.309;47.1
Pve_A_8_t2.CSV;52;29.06.2021;14:35:24;6;4;0;619;0.741;0;0.951;0.36;0.221;57.4
Pve_A_8_t2.CSV;62;29.06.2021;14:35:34;7;4;0;981;0.799;0;0.94;0.359;0.15;61.8
Pve_A_8_t2.CSV;72;29.06.2021;14:35:44;8;4;0;1386;0.831;0;0.936;0.358;0.112;65.3
Pve_A_8_t2.CSV;82;29.06.2021;14:35:54;9;4;0;2015;0.853;0;0.922;0.356;0.075;63.3
Pve_A_8_t2.CSV;92;29.06.2021;14:36:04;10;4;0;2970;0.848;0;0.894;0.352;0.051;64.2
Pve_A_9_t2.CSV;2;29.06.2021;13:58:02;1;4;0;0;0.301;0;0.84;0.301;0.642;0
Pve_A_9_t2.CSV;12;29.06.2021;13:58:12;2;4;0;31;0.3;0;0.829;0.3;0.638;8.3
Pve_A_9_t2.CSV;22;29.06.2021;13:58:22;3;4;0;101;0.351;0;0.831;0.3;0.578;24.5
Pve_A_9_t2.CSV;32;29.06.2021;13:58:32;4;4;0;198;0.415;0;0.829;0.3;0.499;41.5
Pve_A_9_t2.CSV;42;29.06.2021;13:58:42;5;4;0;363;0.498;0;0.826;0.299;0.397;60.5
Pve_A_9_t2.CSV;52;29.06.2021;13:58:52;6;4;0;619;0.577;0;0.823;0.299;0.299;77.7
Pve_A_9_t2.CSV;62;29.06.2021;13:59:02;7;4;0;981;0.634;0;0.816;0.298;0.223;91.9
Pve_A_9_t2.CSV;72;29.06.2021;13:59:12;8;4;0;1386;0.662;0;0.797;0.295;0.169;98.6
Pve_A_9_t2.CSV;82;29.06.2021;13:59:22;9;4;0;2015;0.676;0;0.772;0.292;0.124;105.2
Pve_A_9_t2.CSV;92;29.06.2021;13:59:32;10;4;0;2970;0.677;0;0.739;0.287;0.084;104.7
Pve_B_10_t2.CSV;2;29.06.2021;12:55:41;1;4;0;0;0.342;0;0.869;0.342;0.606;0
Pve_B_10_t2.CSV;12;29.06.2021;12:55:51;2;4;0;31;0.326;0;0.825;0.335;0.605;7.9
Pve_B_10_t2.CSV;22;29.06.2021;12:56:01;3;4;0;101;0.359;0;0.787;0.329;0.544;23.1
Pve_B_10_t2.CSV;32;29.06.2021;12:56:11;4;4;0;198;0.404;0;0.742;0.32;0.456;37.9
Pve_B_10_t2.CSV;42;29.06.2021;12:56:21;5;4;0;363;0.459;0;0.701;0.313;0.345;52.6
Pve_B_10_t2.CSV;52;29.06.2021;12:56:31;6;4;0;619;0.498;0;0.657;0.303;0.242;62.9
Pve_B_10_t2.CSV;62;29.06.2021;12:56:41;7;4;0;981;0.511;0;0.622;0.296;0.178;73.5
Pve_B_10_t2.CSV;72;29.06.2021;12:56:51;8;4;0;1386;0.507;0;0.58;0.286;0.126;73.3
Pve_B_10_t2.CSV;82;29.06.2021;12:57:01;9;4;0;2015;0.501;0;0.55;0.278;0.089;75.4
Pve_B_10_t2.CSV;92;29.06.2021;12:57:11;10;4;0;2970;0.488;0;0.52;0.271;0.062;76.8
Pve_B_11_t2.CSV;2;27.06.2021;15:33:26;1;4;0;0;0.303;0;0.88;0.303;0.656;0
Pve_B_11_t2.CSV;13;27.06.2021;15:33:37;2;4;0;31;0.314;0;0.858;0.3;0.634;8.3
Pve_B_11_t2.CSV;22;27.06.2021;15:33:46;3;4;0;101;0.367;0;0.838;0.298;0.562;23.8
Pve_B_11_t2.CSV;32;27.06.2021;15:33:56;4;4;0;198;0.432;0;0.807;0.294;0.465;38.6
Pve_B_11_t2.CSV;42;27.06.2021;15:34:06;5;4;0;363;0.506;0;0.773;0.289;0.345;52.7
Pve_B_11_t2.CSV;53;27.06.2021;15:34:17;6;4;0;619;0.56;0;0.737;0.284;0.24;62.4
Pve_B_11_t2.CSV;63;27.06.2021;15:34:27;7;4;0;981;0.584;0;0.703;0.279;0.169;69.7
Pve_B_11_t2.CSV;73;27.06.2021;15:34:37;8;4;0;1386;0.588;0;0.671;0.274;0.124;72
Pve_B_11_t2.CSV;83;27.06.2021;15:34:47;9;4;0;2015;0.586;0;0.638;0.268;0.082;69
Pve_B_11_t2.CSV;93;27.06.2021;15:34:57;10;4;0;2970;0.574;0;0.61;0.263;0.059;73.6
Pve_B_12_t2.CSV;2;27.06.2021;13:46:56;1;4;0;0;0.383;0;1.024;0.383;0.626;0
Pve_B_12_t2.CSV;12;27.06.2021;13:47:06;2;4;0;31;0.44;0;1.014;0.382;0.566;7.4
Pve_B_12_t2.CSV;22;27.06.2021;13:47:16;3;4;0;101;0.569;0;1.003;0.38;0.433;18.4
Pve_B_12_t2.CSV;32;27.06.2021;13:47:26;4;4;0;198;0.668;0;0.986;0.378;0.323;26.8
Pve_B_12_t2.CSV;42;27.06.2021;13:47:36;5;4;0;363;0.752;0;0.965;0.374;0.221;33.7
Pve_B_12_t2.CSV;52;27.06.2021;13:47:46;6;4;0;619;0.804;0;0.945;0.371;0.149;38.8
Pve_B_12_t2.CSV;62;27.06.2021;13:47:56;7;4;0;981;0.827;0;0.92;0.367;0.101;41.6
Pve_B_12_t2.CSV;72;27.06.2021;13:48:06;8;4;0;1386;0.829;0;0.891;0.363;0.07;40.5
Pve_B_12_t2.CSV;82;27.06.2021;13:48:16;9;4;0;2015;0.822;0;0.863;0.358;0.048;40.2
Pve_B_12_t2.CSV;92;27.06.2021;13:48:26;10;4;0;2970;0.805;0;0.829;0.352;0.029;36.1
Pve_B_13_t2.CSV;2;27.06.2021;14:57:19;1;4;0;0;0.298;0;0.873;0.298;0.659;0
Pve_B_13_t2.CSV;12;27.06.2021;14:57:29;2;4;0;31;0.313;0;0.81;0.29;0.614;8
Pve_B_13_t2.CSV;22;27.06.2021;14:57:39;3;4;0;101;0.426;0;0.854;0.296;0.501;21.3
Pve_B_13_t2.CSV;32;27.06.2021;14:57:49;4;4;0;198;0.522;0;0.855;0.296;0.389;32.4
Pve_B_13_t2.CSV;42;27.06.2021;14:57:59;5;4;0;363;0.608;0;0.844;0.295;0.28;42.6
Pve_B_13_t2.CSV;52;27.06.2021;14:58:09;6;4;0;619;0.66;0;0.821;0.292;0.196;51
Pve_B_13_t2.CSV;62;27.06.2021;14:58:19;7;4;0;981;0.663;0;0.783;0.287;0.153;63.1
Pve_B_13_t2.CSV;72;27.06.2021;14:58:29;8;4;0;1386;0.68;0;0.751;0.282;0.095;55
Pve_B_13_t2.CSV;82;27.06.2021;14:58:39;9;4;0;2015;0.707;0;0.769;0.285;0.081;68.2
Pve_B_13_t2.CSV;92;27.06.2021;14:58:49;10;4;0;2970;0.662;0;0.694;0.274;0.046;57.5
Pve_B_14_t2.CSV;2;27.06.2021;14:15:59;1;4;0;0;0.304;0;0.853;0.304;0.644;0
Pve_B_14_t2.CSV;12;27.06.2021;14:16:09;2;4;0;31;0.346;0;0.841;0.302;0.589;7.7
Pve_B_14_t2.CSV;23;27.06.2021;14:16:20;3;4;0;101;0.445;0;0.828;0.301;0.463;19.6
Pve_B_14_t2.CSV;32;27.06.2021;14:16:29;4;4;0;198;0.534;0;0.815;0.299;0.345;28.7
Pve_B_14_t2.CSV;42;27.06.2021;14:16:39;5;4;0;363;0.614;0;0.8;0.297;0.233;35.4
Pve_B_14_t2.CSV;52;27.06.2021;14:16:49;6;4;0;619;0.665;0;0.78;0.294;0.147;38.3
Pve_B_14_t2.CSV;63;27.06.2021;14:17:00;7;4;0;981;0.687;0;0.765;0.292;0.102;42
Pve_B_14_t2.CSV;72;27.06.2021;14:17:09;8;4;0;1386;0.691;0;0.742;0.289;0.069;40
Pve_B_14_t2.CSV;83;27.06.2021;14:17:20;9;4;0;2015;0.687;0;0.723;0.286;0.05;42.1
Pve_B_14_t2.CSV;92;27.06.2021;14:17:29;10;4;0;2970;0.673;0;0.692;0.281;0.027;34.2
Pve_B_15_t2.CSV;2;27.06.2021;13:14:11;1;4;0;0;0.378;0;1.061;0.378;0.644;0
Pve_B_15_t2.CSV;12;27.06.2021;13:14:21;2;4;0;31;0.445;0;1.046;0.376;0.575;7.5
Pve_B_15_t2.CSV;22;27.06.2021;13:14:31;3;4;0;101;0.56;0;1.034;0.375;0.458;19.4
Pve_B_15_t2.CSV;32;27.06.2021;13:14:41;4;4;0;198;0.656;0;1.017;0.372;0.355;29.5
Pve_B_15_t2.CSV;42;27.06.2021;13:14:51;5;4;0;363;0.734;0;0.982;0.367;0.253;38.5
Pve_B_15_t2.CSV;52;27.06.2021;13:15:01;6;4;0;619;0.794;0;0.958;0.364;0.171;44.5
Pve_B_15_t2.CSV;62;27.06.2021;13:15:11;7;4;0;981;0.823;0;0.931;0.36;0.116;47.8
Pve_B_15_t2.CSV;72;27.06.2021;13:15:21;8;4;0;1386;0.825;0;0.9;0.355;0.083;48.5
Pve_B_15_t2.CSV;82;27.06.2021;13:15:31;9;4;0;2015;0.818;0;0.868;0.35;0.058;48.8
Pve_B_15_t2.CSV;92;27.06.2021;13:15:41;10;4;0;2970;0.8;0;0.832;0.344;0.038;48
Pve_B_1_t2.CSV;2;28.06.2021;15:36:17;1;4;0;0;0.311;0;0.854;0.311;0.636;0
Pve_B_1_t2.CSV;12;28.06.2021;15:36:27;2;4;0;31;0.385;0;0.844;0.31;0.544;7.1
Pve_B_1_t2.CSV;22;28.06.2021;15:36:37;3;4;0;101;0.497;0;0.835;0.308;0.405;17.2
Pve_B_1_t2.CSV;32;28.06.2021;15:36:47;4;4;0;198;0.577;0;0.821;0.307;0.297;24.7
Pve_B_1_t2.CSV;42;28.06.2021;15:36:57;5;4;0;363;0.645;0;0.808;0.305;0.202;30.8
Pve_B_1_t2.CSV;52;28.06.2021;15:37:07;6;4;0;619;0.69;0;0.797;0.303;0.134;34.9
Pve_B_1_t2.CSV;62;28.06.2021;15:37:17;7;4;0;981;0.712;0;0.782;0.301;0.09;36.9
Pve_B_1_t2.CSV;72;28.06.2021;15:37:27;8;4;0;1386;0.717;0;0.766;0.299;0.064;37.2
Pve_B_1_t2.CSV;82;28.06.2021;15:37:37;9;4;0;2015;0.715;0;0.747;0.296;0.043;36.3
Pve_B_1_t2.CSV;92;28.06.2021;15:37:47;10;4;0;2970;0.704;0;0.725;0.292;0.029;36.1
Pve_B_2_t2.CSV;2;28.06.2021;13:36:37;1;4;0;0;0.335;0;0.942;0.335;0.644;0
Pve_B_2_t2.CSV;12;28.06.2021;13:36:47;2;4;0;31;0.379;0;0.944;0.335;0.599;7.8
Pve_B_2_t2.CSV;23;28.06.2021;13:36:58;3;4;0;101;0.486;0;0.941;0.335;0.484;20.5
Pve_B_2_t2.CSV;33;28.06.2021;13:37:08;4;4;0;198;0.583;0;0.931;0.334;0.374;31.1
Pve_B_2_t2.CSV;42;28.06.2021;13:37:17;5;4;0;363;0.672;0;0.916;0.332;0.266;40.6
Pve_B_2_t2.CSV;53;28.06.2021;13:37:28;6;4;0;619;0.735;0;0.895;0.329;0.179;46.5
Pve_B_2_t2.CSV;63;28.06.2021;13:37:38;7;4;0;981;0.772;0;0.875;0.326;0.118;48.5
Pve_B_2_t2.CSV;73;28.06.2021;13:37:48;8;4;0;1386;0.786;0;0.859;0.324;0.085;49.5
Pve_B_2_t2.CSV;83;28.06.2021;13:37:58;9;4;0;2015;0.789;0;0.837;0.321;0.057;48.5
Pve_B_2_t2.CSV;92;28.06.2021;13:38:07;10;4;0;2970;0.778;0;0.807;0.316;0.036;44.8
Pve_B_3_t2.CSV;2;28.06.2021;14:47:19;1;4;0;0;0.365;0;1.05;0.365;0.652;0
Pve_B_3_t2.CSV;12;28.06.2021;14:47:29;2;4;0;31;0.471;0;1.04;0.364;0.547;7.1
Pve_B_3_t2.CSV;22;28.06.2021;14:47:39;3;4;0;101;0.645;0;1.033;0.363;0.376;15.9
Pve_B_3_t2.CSV;32;28.06.2021;14:47:49;4;4;0;198;0.756;0;1.02;0.361;0.259;21.5
Pve_B_3_t2.CSV;42;28.06.2021;14:47:59;5;4;0;363;0.842;0;1.012;0.36;0.168;25.6
Pve_B_3_t2.CSV;52;28.06.2021;14:48:09;6;4;0;619;0.893;0;0.995;0.358;0.103;26.7
Pve_B_3_t2.CSV;62;28.06.2021;14:48:19;7;4;0;981;0.914;0;0.979;0.356;0.066;27.4
Pve_B_3_t2.CSV;72;28.06.2021;14:48:29;8;4;0;1386;0.916;0;0.96;0.353;0.046;26.7
Pve_B_3_t2.CSV;82;28.06.2021;14:48:39;9;4;0;2015;0.909;0;0.935;0.35;0.028;23.5
Pve_B_3_t2.CSV;92;28.06.2021;14:48:49;10;4;0;2970;0.891;0;0.906;0.346;0.017;20.7
Pve_B_4_t2.CSV;2;28.06.2021;14:12:12;1;4;0;0;0.327;0;0.879;0.327;0.628;0
Pve_B_4_t2.CSV;12;28.06.2021;14:12:22;2;4;0;31;0.379;0;0.863;0.325;0.561;7.3
Pve_B_4_t2.CSV;22;28.06.2021;14:12:32;3;4;0;101;0.491;0;0.854;0.323;0.425;18
Pve_B_4_t2.CSV;32;28.06.2021;14:12:42;4;4;0;198;0.581;0;0.839;0.321;0.308;25.6
Pve_B_4_t2.CSV;42;28.06.2021;14:12:52;5;4;0;363;0.655;0;0.822;0.319;0.203;31
Pve_B_4_t2.CSV;52;28.06.2021;14:13:02;6;4;0;619;0.702;0;0.808;0.317;0.131;34.1
Pve_B_4_t2.CSV;62;28.06.2021;14:13:12;7;4;0;981;0.702;0;0.768;0.31;0.086;35.4
Pve_B_4_t2.CSV;72;28.06.2021;14:13:22;8;4;0;1386;0.706;0;0.754;0.308;0.064;37.1
Pve_B_4_t2.CSV;82;28.06.2021;14:13:32;9;4;0;2015;0.703;0;0.73;0.304;0.037;31.3
Pve_B_4_t2.CSV;92;28.06.2021;14:13:42;10;4;0;2970;0.691;0;0.708;0.3;0.024;30
Pve_B_5_t2.CSV;2;28.06.2021;13:05:52;1;4;0;0;0.313;0;0.951;0.313;0.671;0
Pve_B_5_t2.CSV;12;28.06.2021;13:06:02;2;4;0;31;0.34;0;0.937;0.311;0.637;8.3
Pve_B_5_t2.CSV;22;28.06.2021;13:06:12;3;4;0;101;0.415;0;0.925;0.31;0.551;23.4
Pve_B_5_t2.CSV;32;28.06.2021;13:06:22;4;4;0;198;0.494;0;0.908;0.308;0.456;37.9
Pve_B_5_t2.CSV;42;28.06.2021;13:06:32;5;4;0;363;0.581;0;0.882;0.305;0.341;52
Pve_B_5_t2.CSV;52;28.06.2021;13:06:42;6;4;0;619;0.647;0;0.852;0.301;0.241;62.6
Pve_B_5_t2.CSV;62;28.06.2021;13:06:52;7;4;0;981;0.681;0;0.822;0.298;0.172;70.7
Pve_B_5_t2.CSV;72;28.06.2021;13:07:02;8;4;0;1386;0.688;0;0.787;0.293;0.126;73.2
Pve_B_5_t2.CSV;82;28.06.2021;13:07:12;9;4;0;2015;0.687;0;0.75;0.288;0.084;71.1
Pve_B_5_t2.CSV;91;28.06.2021;13:07:21;10;4;0;2970;0.674;0;0.713;0.282;0.055;68.2
Pve_B_6_t2.CSV;2;29.06.2021;15:14:50;1;4;0;0;0.258;0;0.775;0.258;0.667;0
Pve_B_6_t2.CSV;12;29.06.2021;15:15:00;2;4;0;31;0.283;0;0.763;0.257;0.629;8.2
Pve_B_6_t2.CSV;22;29.06.2021;15:15:10;3;4;0;101;0.353;0;0.755;0.256;0.532;22.6
Pve_B_6_t2.CSV;32;29.06.2021;15:15:20;4;4;0;198;0.418;0;0.739;0.254;0.434;36.1
Pve_B_6_t2.CSV;42;29.06.2021;15:15:30;5;4;0;363;0.485;0;0.716;0.251;0.323;49.2
Pve_B_6_t2.CSV;52;29.06.2021;15:15:40;6;4;0;619;0.532;0;0.691;0.248;0.23;59.8
Pve_B_6_t2.CSV;62;29.06.2021;15:15:50;7;4;0;981;0.556;0;0.664;0.244;0.163;67
Pve_B_6_t2.CSV;72;29.06.2021;15:16:00;8;4;0;1386;0.561;0;0.638;0.241;0.121;70.3
Pve_B_6_t2.CSV;82;29.06.2021;15:16:10;9;4;0;2015;0.556;0;0.607;0.236;0.084;71.1
Pve_B_6_t2.CSV;92;29.06.2021;15:16:20;10;4;0;2970;0.544;0;0.577;0.232;0.057;71.3
Pve_B_7_t2.CSV;2;29.06.2021;13:29:23;1;4;0;0;0.342;0;0.861;0.342;0.603;0
Pve_B_7_t2.CSV;12;29.06.2021;13:29:33;2;4;0;31;0.398;0;0.84;0.339;0.526;6.9
Pve_B_7_t2.CSV;22;29.06.2021;13:29:43;3;4;0;101;0.497;0;0.826;0.336;0.398;16.9
Pve_B_7_t2.CSV;32;29.06.2021;13:29:53;4;4;0;198;0.578;0;0.815;0.335;0.291;24.2
Pve_B_7_t2.CSV;42;29.06.2021;13:30:03;5;4;0;363;0.647;0;0.798;0.332;0.189;28.8
Pve_B_7_t2.CSV;52;29.06.2021;13:30:13;6;4;0;619;0.685;0;0.781;0.329;0.123;32
Pve_B_7_t2.CSV;62;29.06.2021;13:30:23;7;4;0;981;0.7;0;0.761;0.325;0.08;33
Pve_B_7_t2.CSV;72;29.06.2021;13:30:33;8;4;0;1386;0.699;0;0.741;0.321;0.057;33
Pve_B_7_t2.CSV;82;29.06.2021;13:30:43;9;4;0;2015;0.691;0;0.72;0.317;0.04;34.1
Pve_B_7_t2.CSV;92;29.06.2021;13:30:53;10;4;0;2970;0.677;0;0.693;0.312;0.023;28.8
Pve_B_8_t2.CSV;2;29.06.2021;14:37:24;1;4;0;0;0.346;0;1.018;0.346;0.66;0
Pve_B_8_t2.CSV;12;29.06.2021;14:37:34;2;4;0;31;0.36;0;0.98;0.341;0.633;8.2
Pve_B_8_t2.CSV;22;29.06.2021;14:37:44;3;4;0;101;0.453;0;0.953;0.338;0.525;22.3
Pve_B_8_t2.CSV;32;29.06.2021;14:37:54;4;4;0;198;0.547;0;0.92;0.334;0.405;33.7
Pve_B_8_t2.CSV;42;29.06.2021;14:38:04;5;4;0;363;0.636;0;0.893;0.33;0.288;43.9
Pve_B_8_t2.CSV;52;29.06.2021;14:38:14;6;4;0;619;0.695;0;0.866;0.327;0.197;51.3
Pve_B_8_t2.CSV;62;29.06.2021;14:38:24;7;4;0;981;0.723;0;0.834;0.322;0.133;54.8
Pve_B_8_t2.CSV;72;29.06.2021;14:38:34;8;4;0;1386;0.727;0;0.804;0.317;0.096;55.8
Pve_B_8_t2.CSV;82;29.06.2021;14:38:44;9;4;0;2015;0.722;0;0.773;0.312;0.066;55.8
Pve_B_8_t2.CSV;92;29.06.2021;14:38:54;10;4;0;2970;0.707;0;0.738;0.306;0.042;52.4
Pve_B_9_t2.CSV;2;29.06.2021;14:01:24;1;4;0;0;0.324;0;0.884;0.324;0.633;0
Pve_B_9_t2.CSV;12;29.06.2021;14:01:34;2;4;0;31;0.395;0;0.869;0.322;0.545;7.1
Pve_B_9_t2.CSV;22;29.06.2021;14:01:44;3;4;0;101;0.514;0;0.862;0.321;0.404;17.1
Pve_B_9_t2.CSV;32;29.06.2021;14:01:54;4;4;0;198;0.597;0;0.845;0.319;0.293;24.4
Pve_B_9_t2.CSV;42;29.06.2021;14:02:04;5;4;0;363;0.663;0;0.828;0.316;0.199;30.4
Pve_B_9_t2.CSV;52;29.06.2021;14:02:14;6;4;0;619;0.704;0;0.809;0.313;0.13;33.7
Pve_B_9_t2.CSV;62;29.06.2021;14:02:24;7;4;0;981;0.721;0;0.79;0.31;0.087;36
Pve_B_9_t2.CSV;72;29.06.2021;14:02:34;8;4;0;1386;0.723;0;0.768;0.307;0.059;34.1
Pve_B_9_t2.CSV;82;29.06.2021;14:02:44;9;4;0;2015;0.715;0;0.746;0.303;0.042;35.2
Pve_B_9_t2.CSV;92;29.06.2021;14:02:54;10;4;0;2970;0.7;0;0.718;0.299;0.025;31.3
Pve_C_10_t2.CSV;2;29.06.2021;12:58:11;1;4;0;0;0.326;0;0.948;0.326;0.656;0
Pve_C_10_t2.CSV;12;29.06.2021;12:58:21;2;4;0;31;0.373;0;0.931;0.324;0.599;7.8
Pve_C_10_t2.CSV;22;29.06.2021;12:58:31;3;4;0;101;0.458;0;0.918;0.322;0.501;21.3
Pve_C_10_t2.CSV;32;29.06.2021;12:58:41;4;4;0;198;0.553;0;0.915;0.322;0.396;32.9
Pve_C_10_t2.CSV;42;29.06.2021;12:58:51;5;4;0;363;0.646;0;0.906;0.321;0.287;43.8
Pve_C_10_t2.CSV;52;29.06.2021;12:59:01;6;4;0;619;0.72;0;0.898;0.32;0.198;51.5
Pve_C_10_t2.CSV;62;29.06.2021;12:59:11;7;4;0;981;0.766;0;0.886;0.318;0.135;55.8
Pve_C_10_t2.CSV;72;29.06.2021;12:59:21;8;4;0;1386;0.789;0;0.871;0.316;0.094;54.8
Pve_C_10_t2.CSV;82;29.06.2021;12:59:31;9;4;0;2015;0.801;0;0.854;0.314;0.062;52.5
Pve_C_10_t2.CSV;92;29.06.2021;12:59:41;10;4;0;2970;0.797;0;0.832;0.311;0.042;52.5
Pve_C_11_t2.CSV;2;27.06.2021;15:35:37;1;4;0;0;0.281;0;0.788;0.281;0.643;0
Pve_C_11_t2.CSV;12;27.06.2021;15:35:47;2;4;0;31;0.274;0;0.766;0.278;0.642;8.4
Pve_C_11_t2.CSV;22;27.06.2021;15:35:57;3;4;0;101;0.315;0;0.772;0.279;0.592;25.1
Pve_C_11_t2.CSV;32;27.06.2021;15:36:07;4;4;0;198;0.369;0;0.77;0.279;0.521;43.3
Pve_C_11_t2.CSV;42;27.06.2021;15:36:17;5;4;0;363;0.447;0;0.769;0.279;0.419;63.8
Pve_C_11_t2.CSV;52;27.06.2021;15:36:27;6;4;0;619;0.523;0;0.763;0.278;0.315;81.8
Pve_C_11_t2.CSV;62;27.06.2021;15:36:37;7;4;0;981;0.581;0;0.755;0.277;0.23;95
Pve_C_11_t2.CSV;72;27.06.2021;15:36:47;8;4;0;1386;0.616;0;0.745;0.275;0.173;100.8
Pve_C_11_t2.CSV;82;27.06.2021;15:36:57;9;4;0;2015;0.639;0;0.727;0.273;0.121;102.4
Pve_C_11_t2.CSV;92;27.06.2021;15:37:07;10;4;0;2970;0.649;0;0.71;0.27;0.086;107.2
Pve_C_12_t2.CSV;2;27.06.2021;13:49:12;1;4;0;0;0.363;0;1.043;0.363;0.652;0
Pve_C_12_t2.CSV;12;27.06.2021;13:49:22;2;4;0;31;0.39;0;1.063;0.365;0.633;8.2
Pve_C_12_t2.CSV;22;27.06.2021;13:49:32;3;4;0;101;0.461;0;1.07;0.366;0.569;24.1
Pve_C_12_t2.CSV;32;27.06.2021;13:49:42;4;4;0;198;0.547;0;1.067;0.366;0.487;40.5
Pve_C_12_t2.CSV;42;27.06.2021;13:49:52;5;4;0;363;0.658;0;1.06;0.365;0.379;57.8
Pve_C_12_t2.CSV;52;27.06.2021;13:50:02;6;4;0;619;0.788;0;1.084;0.368;0.273;71
Pve_C_12_t2.CSV;62;27.06.2021;13:50:12;7;4;0;981;0.863;0;1.07;0.366;0.193;79.7
Pve_C_12_t2.CSV;72;27.06.2021;13:50:22;8;4;0;1386;0.9;0;1.048;0.364;0.141;82.2
Pve_C_12_t2.CSV;82;27.06.2021;13:50:32;9;4;0;2015;0.92;0;1.018;0.36;0.096;81.5
Pve_C_12_t2.CSV;92;27.06.2021;13:50:42;10;4;0;2970;0.92;0;0.98;0.355;0.061;76.4
Pve_C_13_t2.CSV;2;27.06.2021;14:59:40;1;4;0;0;0.328;0;0.93;0.328;0.647;0
Pve_C_13_t2.CSV;12;27.06.2021;14:59:50;2;4;0;31;0.327;0;0.914;0.326;0.642;8.4
Pve_C_13_t2.CSV;22;27.06.2021;15:00:00;3;4;0;101;0.38;0;0.92;0.327;0.587;24.9
Pve_C_13_t2.CSV;32;27.06.2021;15:00:10;4;4;0;198;0.454;0;0.922;0.327;0.508;42.2
Pve_C_13_t2.CSV;42;27.06.2021;15:00:20;5;4;0;363;0.55;0;0.918;0.326;0.401;61.1
Pve_C_13_t2.CSV;52;27.06.2021;15:00:30;6;4;0;619;0.64;0;0.909;0.325;0.296;76.9
Pve_C_13_t2.CSV;62;27.06.2021;15:00:40;7;4;0;981;0.705;0;0.902;0.324;0.218;90
Pve_C_13_t2.CSV;72;27.06.2021;15:00:50;8;4;0;1386;0.726;0;0.873;0.321;0.168;98
Pve_C_13_t2.CSV;82;27.06.2021;15:01:00;9;4;0;2015;0.746;0;0.849;0.317;0.121;102.7
Pve_C_13_t2.CSV;92;27.06.2021;15:01:10;10;4;0;2970;0.752;0;0.818;0.313;0.081;100.6
Pve_C_14_t2.CSV;2;27.06.2021;14:18:10;1;4;0;0;0.36;0;0.995;0.36;0.638;0
Pve_C_14_t2.CSV;12;27.06.2021;14:18:20;2;4;0;31;0.4;0;0.984;0.359;0.593;7.7
Pve_C_14_t2.CSV;22;27.06.2021;14:18:30;3;4;0;101;0.483;0;0.986;0.359;0.51;21.6
Pve_C_14_t2.CSV;32;27.06.2021;14:18:40;4;4;0;198;0.57;0;0.985;0.359;0.421;35
Pve_C_14_t2.CSV;42;27.06.2021;14:18:50;5;4;0;363;0.67;0;0.983;0.358;0.318;48.5
Pve_C_14_t2.CSV;52;27.06.2021;14:19:00;6;4;0;619;0.757;0;0.98;0.358;0.228;59.2
Pve_C_14_t2.CSV;62;27.06.2021;14:19:10;7;4;0;981;0.814;0;0.971;0.357;0.162;66.6
Pve_C_14_t2.CSV;72;27.06.2021;14:19:20;8;4;0;1386;0.846;0;0.956;0.355;0.115;67
Pve_C_14_t2.CSV;82;27.06.2021;14:19:30;9;4;0;2015;0.862;0;0.937;0.352;0.08;67.7
Pve_C_14_t2.CSV;92;27.06.2021;14:19:40;10;4;0;2970;0.862;0;0.912;0.349;0.055;68.4
Pve_C_15_t2.CSV;2;27.06.2021;13:16:24;1;4;0;0;0.32;0;0.879;0.32;0.636;0
Pve_C_15_t2.CSV;12;27.06.2021;13:16:34;2;4;0;31;0.312;0;0.866;0.318;0.64;8.3
Pve_C_15_t2.CSV;22;27.06.2021;13:16:44;3;4;0;101;0.353;0;0.873;0.319;0.596;25.3
Pve_C_15_t2.CSV;32;27.06.2021;13:16:54;4;4;0;198;0.411;0;0.877;0.32;0.531;44.2
Pve_C_15_t2.CSV;42;27.06.2021;13:17:04;5;4;0;363;0.498;0;0.884;0.321;0.437;66.6
Pve_C_15_t2.CSV;52;27.06.2021;13:17:14;6;4;0;619;0.592;0;0.879;0.32;0.327;84.9
Pve_C_15_t2.CSV;62;27.06.2021;13:17:24;7;4;0;981;0.664;0;0.873;0.319;0.239;98.6
Pve_C_15_t2.CSV;72;27.06.2021;13:17:34;8;4;0;1386;0.702;0;0.854;0.317;0.178;103.6
Pve_C_15_t2.CSV;82;27.06.2021;13:17:44;9;4;0;2015;0.729;0;0.835;0.314;0.127;107.4
Pve_C_15_t2.CSV;92;27.06.2021;13:17:54;10;4;0;2970;0.737;0;0.806;0.31;0.086;106.8
Pve_C_1_t2.CSV;2;28.06.2021;15:39:06;1;4;0;0;0.37;0;0.933;0.37;0.603;0
Pve_C_1_t2.CSV;12;28.06.2021;15:39:16;2;4;0;31;0.466;0;0.923;0.368;0.495;6.4
Pve_C_1_t2.CSV;22;28.06.2021;15:39:26;3;4;0;101;0.595;0;0.923;0.368;0.355;15.1
Pve_C_1_t2.CSV;32;28.06.2021;15:39:36;4;4;0;198;0.681;0;0.92;0.368;0.26;21.6
Pve_C_1_t2.CSV;42;28.06.2021;15:39:46;5;4;0;363;0.755;0;0.917;0.367;0.177;26.9
Pve_C_1_t2.CSV;52;28.06.2021;15:39:56;6;4;0;619;0.806;0;0.914;0.367;0.118;30.7
Pve_C_1_t2.CSV;62;28.06.2021;15:40:06;7;4;0;981;0.834;0;0.905;0.366;0.078;32.3
Pve_C_1_t2.CSV;72;28.06.2021;15:40:16;8;4;0;1386;0.845;0;0.893;0.364;0.054;31.3
Pve_C_1_t2.CSV;82;28.06.2021;15:40:26;9;4;0;2015;0.845;0;0.878;0.361;0.038;31.8
Pve_C_1_t2.CSV;92;28.06.2021;15:40:36;10;4;0;2970;0.835;0;0.854;0.357;0.022;27.8
Pve_C_2_t2.CSV;2;28.06.2021;13:42:52;1;4;0;0;0.328;0;0.948;0.328;0.654;0
Pve_C_2_t2.CSV;12;28.06.2021;13:43:02;2;4;0;31;0.352;0;0.938;0.327;0.625;8.1
Pve_C_2_t2.CSV;23;28.06.2021;13:43:13;3;4;0;101;0.438;0;0.944;0.328;0.536;22.7
Pve_C_2_t2.CSV;32;28.06.2021;13:43:22;4;4;0;198;0.522;0;0.946;0.328;0.448;37.3
Pve_C_2_t2.CSV;42;28.06.2021;13:43:32;5;4;0;363;0.621;0;0.947;0.328;0.344;52.5
Pve_C_2_t2.CSV;53;28.06.2021;13:43:43;6;4;0;619;0.705;0;0.943;0.327;0.252;65.6
Pve_C_2_t2.CSV;63;28.06.2021;13:43:53;7;4;0;981;0.761;0;0.931;0.326;0.183;75.2
Pve_C_2_t2.CSV;73;28.06.2021;13:44:03;8;4;0;1386;0.791;0;0.915;0.324;0.136;78.9
Pve_C_2_t2.CSV;83;28.06.2021;13:44:13;9;4;0;2015;0.805;0;0.888;0.321;0.093;79.1
Pve_C_2_t2.CSV;92;28.06.2021;13:44:22;10;4;0;2970;0.802;0;0.856;0.316;0.063;78.7
Pve_C_3_t2.CSV;1;28.06.2021;14:50:59;1;4;0;0;0.34;0;0.964;0.34;0.647;0
Pve_C_3_t2.CSV;12;28.06.2021;14:51:10;2;4;0;31;0.371;0;0.953;0.339;0.611;8
Pve_C_3_t2.CSV;21;28.06.2021;14:51:19;3;4;0;101;0.456;0;0.952;0.338;0.521;22.1
Pve_C_3_t2.CSV;32;28.06.2021;14:51:30;4;4;0;198;0.54;0;0.952;0.338;0.433;36
Pve_C_3_t2.CSV;42;28.06.2021;14:51:40;5;4;0;363;0.635;0;0.949;0.338;0.331;50.4
Pve_C_3_t2.CSV;52;28.06.2021;14:51:50;6;4;0;619;0.719;0;0.948;0.338;0.242;62.8
Pve_C_3_t2.CSV;62;28.06.2021;14:52:00;7;4;0;981;0.777;0;0.944;0.337;0.177;72.9
Pve_C_3_t2.CSV;72;28.06.2021;14:52:10;8;4;0;1386;0.807;0;0.928;0.335;0.13;75.9
Pve_C_3_t2.CSV;82;28.06.2021;14:52:20;9;4;0;2015;0.823;0;0.906;0.332;0.092;77.5
Pve_C_3_t2.CSV;92;28.06.2021;14:52:30;10;4;0;2970;0.822;0;0.876;0.328;0.062;76.9
Pve_C_4_t2.CSV;2;28.06.2021;14:15:07;1;4;0;0;0.294;0;0.822;0.294;0.642;0
Pve_C_4_t2.CSV;12;28.06.2021;14:15:17;2;4;0;31;0.309;0;0.815;0.293;0.621;8.1
Pve_C_4_t2.CSV;22;28.06.2021;14:15:27;3;4;0;101;0.368;0;0.807;0.292;0.544;23.1
Pve_C_4_t2.CSV;32;28.06.2021;14:15:37;4;4;0;198;0.434;0;0.808;0.292;0.463;38.5
Pve_C_4_t2.CSV;42;28.06.2021;14:15:47;5;4;0;363;0.512;0;0.798;0.291;0.358;54.6
Pve_C_4_t2.CSV;52;28.06.2021;14:15:57;6;4;0;619;0.593;0;0.801;0.291;0.26;67.5
Pve_C_4_t2.CSV;62;28.06.2021;14:16:07;7;4;0;981;0.649;0;0.797;0.291;0.186;76.5
Pve_C_4_t2.CSV;72;28.06.2021;14:16:17;8;4;0;1386;0.678;0;0.781;0.289;0.132;76.8
Pve_C_4_t2.CSV;82;28.06.2021;14:16:27;9;4;0;2015;0.692;0;0.766;0.287;0.097;81.8
Pve_C_4_t2.CSV;92;28.06.2021;14:16:37;10;4;0;2970;0.694;0;0.741;0.283;0.063;79.1
Pve_C_5_t2.CSV;2;28.06.2021;13:08:17;1;4;0;0;0.314;0;0.904;0.314;0.653;0
Pve_C_5_t2.CSV;12;28.06.2021;13:08:27;2;4;0;31;0.32;0;0.884;0.312;0.638;8.3
Pve_C_5_t2.CSV;22;28.06.2021;13:08:37;3;4;0;101;0.364;0;0.887;0.312;0.59;25
Pve_C_5_t2.CSV;32;28.06.2021;13:08:47;4;4;0;198;0.43;0;0.892;0.313;0.518;43.1
Pve_C_5_t2.CSV;42;28.06.2021;13:08:57;5;4;0;363;0.522;0;0.891;0.312;0.414;63.1
Pve_C_5_t2.CSV;52;28.06.2021;13:09:07;6;4;0;619;0.616;0;0.879;0.311;0.299;77.8
Pve_C_5_t2.CSV;62;28.06.2021;13:09:17;7;4;0;981;0.682;0;0.869;0.31;0.215;88.7
Pve_C_5_t2.CSV;72;28.06.2021;13:09:27;8;4;0;1386;0.717;0;0.862;0.309;0.168;97.9
Pve_C_5_t2.CSV;82;28.06.2021;13:09:37;9;4;0;2015;0.736;0;0.827;0.304;0.11;93.1
Pve_C_5_t2.CSV;92;28.06.2021;13:09:47;10;4;0;2970;0.74;0;0.794;0.3;0.068;84.8
Pve_C_6_t2.CSV;2;29.06.2021;15:17:00;1;4;0;0;0.31;0;0.858;0.31;0.639;0
Pve_C_6_t2.CSV;13;29.06.2021;15:17:11;2;4;0;31;0.323;0;0.85;0.309;0.62;8.1
Pve_C_6_t2.CSV;23;29.06.2021;15:17:21;3;4;0;101;0.374;0;0.857;0.31;0.564;23.9
Pve_C_6_t2.CSV;32;29.06.2021;15:17:30;4;4;0;198;0.428;0;0.857;0.31;0.501;41.6
Pve_C_6_t2.CSV;43;29.06.2021;15:17:41;5;4;0;363;0.508;0;0.856;0.31;0.407;62
Pve_C_6_t2.CSV;53;29.06.2021;15:17:51;6;4;0;619;0.588;0;0.848;0.309;0.307;79.7
Pve_C_6_t2.CSV;63;29.06.2021;15:18:01;7;4;0;981;0.648;0;0.838;0.307;0.227;93.4
Pve_C_6_t2.CSV;73;29.06.2021;15:18:11;8;4;0;1386;0.682;0;0.821;0.305;0.169;98.6
Pve_C_6_t2.CSV;83;29.06.2021;15:18:21;9;4;0;2015;0.705;0;0.799;0.302;0.118;99.6
Pve_C_6_t2.CSV;93;29.06.2021;15:18:31;10;4;0;2970;0.71;0;0.77;0.298;0.078;97.2
Pve_C_7_t2.CSV;2;29.06.2021;13:32:32;1;4;0;0;0.313;0;0.863;0.313;0.637;0
Pve_C_7_t2.CSV;12;29.06.2021;13:32:42;2;4;0;31;0.351;0;0.857;0.312;0.59;7.7
Pve_C_7_t2.CSV;22;29.06.2021;13:32:52;3;4;0;101;0.416;0;0.865;0.313;0.519;22
Pve_C_7_t2.CSV;32;29.06.2021;13:33:02;4;4;0;198;0.483;0;0.867;0.314;0.443;36.8
Pve_C_7_t2.CSV;42;29.06.2021;13:33:12;5;4;0;363;0.566;0;0.869;0.314;0.349;53.2
Pve_C_7_t2.CSV;52;29.06.2021;13:33:22;6;4;0;619;0.641;0;0.868;0.314;0.262;68
Pve_C_7_t2.CSV;62;29.06.2021;13:33:32;7;4;0;981;0.694;0;0.862;0.313;0.195;80.3
Pve_C_7_t2.CSV;72;29.06.2021;13:33:42;8;4;0;1386;0.727;0;0.85;0.311;0.145;84.2
Pve_C_7_t2.CSV;82;29.06.2021;13:33:52;9;4;0;2015;0.747;0;0.832;0.309;0.102;86.5
Pve_C_7_t2.CSV;92;29.06.2021;13:34:02;10;4;0;2970;0.753;0;0.812;0.306;0.073;90.6
Pve_C_8_t2.CSV;2;29.06.2021;14:39:36;1;4;0;0;0.339;0;0.973;0.339;0.652;0
Pve_C_8_t2.CSV;13;29.06.2021;14:39:47;2;4;0;31;0.363;0;0.955;0.337;0.62;8.1
Pve_C_8_t2.CSV;23;29.06.2021;14:39:57;3;4;0;101;0.448;0;0.958;0.337;0.532;22.6
Pve_C_8_t2.CSV;33;29.06.2021;14:40:07;4;4;0;198;0.538;0;0.972;0.339;0.447;37.1
Pve_C_8_t2.CSV;43;29.06.2021;14:40:17;5;4;0;363;0.641;0;0.969;0.339;0.338;51.6
Pve_C_8_t2.CSV;52;29.06.2021;14:40:26;6;4;0;619;0.725;0;0.959;0.337;0.244;63.4
Pve_C_8_t2.CSV;63;29.06.2021;14:40:37;7;4;0;981;0.782;0;0.949;0.336;0.176;72.5
Pve_C_8_t2.CSV;72;29.06.2021;14:40:46;8;4;0;1386;0.816;0;0.936;0.334;0.128;74.6
Pve_C_8_t2.CSV;83;29.06.2021;14:40:57;9;4;0;2015;0.83;0;0.915;0.332;0.093;78.6
Pve_C_8_t2.CSV;93;29.06.2021;14:41:07;10;4;0;2970;0.836;0;0.888;0.328;0.059;73
Pve_C_9_t2.CSV;2;29.06.2021;14:03:25;1;4;0;0;0.359;0;0.997;0.359;0.64;0
Pve_C_9_t2.CSV;12;29.06.2021;14:03:35;2;4;0;31;0.347;0;0.978;0.357;0.645;8.4
Pve_C_9_t2.CSV;22;29.06.2021;14:03:45;3;4;0;101;0.395;0;0.976;0.356;0.595;25.3
Pve_C_9_t2.CSV;32;29.06.2021;14:03:55;4;4;0;198;0.461;0;0.971;0.356;0.525;43.7
Pve_C_9_t2.CSV;42;29.06.2021;14:04:05;5;4;0;363;0.558;0;0.975;0.356;0.428;65.2
Pve_C_9_t2.CSV;52;29.06.2021;14:04:15;6;4;0;619;0.661;0;0.973;0.356;0.321;83.4
Pve_C_9_t2.CSV;62;29.06.2021;14:04:25;7;4;0;981;0.739;0;0.967;0.355;0.236;97.1
Pve_C_9_t2.CSV;72;29.06.2021;14:04:35;8;4;0;1386;0.786;0;0.957;0.354;0.179;104
Pve_C_9_t2.CSV;82;29.06.2021;14:04:45;9;4;0;2015;0.816;0;0.933;0.35;0.125;106.1
Pve_C_9_t2.CSV;92;29.06.2021;14:04:55;10;4;0;2970;0.827;0;0.903;0.346;0.084;105
Pve_D_10_t2.CSV;2;29.06.2021;13:01:17;1;4;0;0;0.407;0;0.992;0.407;0.59;0
Pve_D_10_t2.CSV;12;29.06.2021;13:01:27;2;4;0;31;0.401;0;0.982;0.405;0.592;7.7
Pve_D_10_t2.CSV;22;29.06.2021;13:01:37;3;4;0;101;0.448;0;0.986;0.406;0.546;23.1
Pve_D_10_t2.CSV;32;29.06.2021;13:01:47;4;4;0;198;0.498;0;0.966;0.403;0.484;40.3
Pve_D_10_t2.CSV;42;29.06.2021;13:01:57;5;4;0;363;0.546;0;0.909;0.392;0.399;60.9
Pve_D_10_t2.CSV;52;29.06.2021;13:02:07;6;4;0;619;0.572;0;0.828;0.376;0.309;80.4
Pve_D_10_t2.CSV;62;29.06.2021;13:02:17;7;4;0;981;0.565;0;0.739;0.357;0.235;97
Pve_D_10_t2.CSV;72;29.06.2021;13:02:27;8;4;0;1386;0.53;0;0.648;0.334;0.182;106
Pve_D_10_t2.CSV;82;29.06.2021;13:02:37;9;4;0;2015;0.496;0;0.576;0.314;0.139;117.5
Pve_D_10_t2.CSV;92;29.06.2021;13:02:47;10;4;0;2970;0.467;0;0.513;0.294;0.09;111.9
Pve_D_11_t2.CSV;2;27.06.2021;15:37:46;1;4;0;0;0.323;0;0.806;0.323;0.599;0
Pve_D_11_t2.CSV;12;27.06.2021;15:37:56;2;4;0;31;0.329;0;0.796;0.321;0.587;7.6
Pve_D_11_t2.CSV;22;27.06.2021;15:38:06;3;4;0;101;0.371;0;0.794;0.321;0.533;22.6
Pve_D_11_t2.CSV;32;27.06.2021;15:38:16;4;4;0;198;0.412;0;0.774;0.318;0.468;38.9
Pve_D_11_t2.CSV;42;27.06.2021;15:38:26;5;4;0;363;0.452;0;0.732;0.31;0.383;58.3
Pve_D_11_t2.CSV;52;27.06.2021;15:38:36;6;4;0;619;0.477;0;0.676;0.3;0.294;76.5
Pve_D_11_t2.CSV;62;27.06.2021;15:38:46;7;4;0;981;0.479;0;0.614;0.287;0.22;90.6
Pve_D_11_t2.CSV;72;27.06.2021;15:38:56;8;4;0;1386;0.463;0;0.556;0.274;0.167;97.4
Pve_D_11_t2.CSV;82;27.06.2021;15:39:06;9;4;0;2015;0.43;0;0.49;0.257;0.122;103.6
Pve_D_11_t2.CSV;92;27.06.2021;15:39:16;10;4;0;2970;0.405;0;0.44;0.242;0.08;99.2
Pve_D_12_t2.CSV;2;27.06.2021;13:51:26;1;4;0;0;0.329;0;0.821;0.329;0.599;0
Pve_D_12_t2.CSV;12;27.06.2021;13:51:36;2;4;0;31;0.336;0;0.818;0.329;0.589;7.7
Pve_D_12_t2.CSV;22;27.06.2021;13:51:46;3;4;0;101;0.377;0;0.818;0.329;0.539;22.9
Pve_D_12_t2.CSV;32;27.06.2021;13:51:56;4;4;0;198;0.42;0;0.799;0.325;0.474;39.4
Pve_D_12_t2.CSV;42;27.06.2021;13:52:06;5;4;0;363;0.464;0;0.757;0.318;0.387;59
Pve_D_12_t2.CSV;52;27.06.2021;13:52:16;6;4;0;619;0.49;0;0.695;0.307;0.295;76.7
Pve_D_12_t2.CSV;62;27.06.2021;13:52:26;7;4;0;981;0.49;0;0.625;0.292;0.216;89
Pve_D_12_t2.CSV;72;27.06.2021;13:52:36;8;4;0;1386;0.469;0;0.56;0.277;0.163;94.6
Pve_D_12_t2.CSV;82;27.06.2021;13:52:46;9;4;0;2015;0.444;0;0.5;0.262;0.112;94.8
Pve_D_12_t2.CSV;92;27.06.2021;13:52:56;10;4;0;2970;0.418;0;0.452;0.248;0.075;93.8
Pve_D_13_t2.CSV;2;27.06.2021;15:02:00;1;4;0;0;0.323;0;0.79;0.323;0.591;0
Pve_D_13_t2.CSV;12;27.06.2021;15:02:10;2;4;0;31;0.337;0;0.786;0.322;0.571;7.4
Pve_D_13_t2.CSV;22;27.06.2021;15:02:20;3;4;0;101;0.386;0;0.788;0.323;0.51;21.6
Pve_D_13_t2.CSV;32;27.06.2021;15:02:30;4;4;0;198;0.433;0;0.768;0.319;0.436;36.3
Pve_D_13_t2.CSV;42;27.06.2021;15:02:40;5;4;0;363;0.476;0;0.726;0.312;0.344;52.5
Pve_D_13_t2.CSV;52;27.06.2021;15:02:50;6;4;0;619;0.496;0;0.666;0.3;0.255;66.4
Pve_D_13_t2.CSV;62;27.06.2021;15:03:00;7;4;0;981;0.489;0;0.604;0.287;0.19;78.4
Pve_D_13_t2.CSV;72;27.06.2021;15:03:10;8;4;0;1386;0.466;0;0.54;0.272;0.137;79.8
Pve_D_13_t2.CSV;82;27.06.2021;15:03:20;9;4;0;2015;0.44;0;0.489;0.258;0.1;84.8
Pve_D_13_t2.CSV;92;27.06.2021;15:03:30;10;4;0;2970;0.414;0;0.443;0.245;0.065;81.7
Pve_D_14_t2.CSV;2;27.06.2021;14:20:47;1;4;0;0;0.347;0;0.863;0.347;0.598;0
Pve_D_14_t2.CSV;12;27.06.2021;14:20:57;2;4;0;31;0.355;0;0.849;0.345;0.582;7.6
Pve_D_14_t2.CSV;22;27.06.2021;14:21:07;3;4;0;101;0.417;0;0.847;0.344;0.508;21.5
Pve_D_14_t2.CSV;32;27.06.2021;14:21:17;4;4;0;198;0.474;0;0.817;0.339;0.42;34.9
Pve_D_14_t2.CSV;42;27.06.2021;14:21:27;5;4;0;363;0.516;0;0.764;0.33;0.325;49.5
Pve_D_14_t2.CSV;52;27.06.2021;14:21:37;6;4;0;619;0.527;0;0.69;0.315;0.236;61.4
Pve_D_14_t2.CSV;62;27.06.2021;14:21:47;7;4;0;981;0.514;0;0.624;0.301;0.176;72.6
Pve_D_14_t2.CSV;72;27.06.2021;14:21:57;8;4;0;1386;0.486;0;0.56;0.285;0.132;76.9
Pve_D_14_t2.CSV;82;27.06.2021;14:22:07;9;4;0;2015;0.456;0;0.504;0.27;0.095;80.6
Pve_D_14_t2.CSV;92;27.06.2021;14:22:17;10;4;0;2970;0.432;0;0.463;0.258;0.067;83.5
Pve_D_15_t2.CSV;2;27.06.2021;13:19:02;1;4;0;0;0.321;0;0.776;0.321;0.586;0
Pve_D_15_t2.CSV;12;27.06.2021;13:19:12;2;4;0;31;0.353;0;0.776;0.321;0.545;7.1
Pve_D_15_t2.CSV;22;27.06.2021;13:19:22;3;4;0;101;0.418;0;0.765;0.319;0.454;19.2
Pve_D_15_t2.CSV;32;27.06.2021;13:19:32;4;4;0;198;0.46;0;0.726;0.312;0.366;30.5
Pve_D_15_t2.CSV;42;27.06.2021;13:19:42;5;4;0;363;0.485;0;0.666;0.3;0.272;41.4
Pve_D_15_t2.CSV;52;27.06.2021;13:19:52;6;4;0;619;0.483;0;0.598;0.286;0.192;50
Pve_D_15_t2.CSV;62;27.06.2021;13:20:02;7;4;0;981;0.463;0;0.535;0.271;0.135;55.4
Pve_D_15_t2.CSV;72;27.06.2021;13:20:12;8;4;0;1386;0.434;0;0.481;0.256;0.098;56.9
Pve_D_15_t2.CSV;82;27.06.2021;13:20:22;9;4;0;2015;0.406;0;0.437;0.243;0.071;60
Pve_D_15_t2.CSV;92;27.06.2021;13:20:32;10;4;0;2970;0.382;0;0.403;0.232;0.052;65
Pve_D_1_t2.CSV;2;28.06.2021;15:43:25;1;4;0;0;0.351;0;0.872;0.351;0.597;0
Pve_D_1_t2.CSV;12;28.06.2021;15:43:35;2;4;0;31;0.364;0;0.875;0.351;0.584;7.6
Pve_D_1_t2.CSV;22;28.06.2021;15:43:45;3;4;0;101;0.43;0;0.888;0.354;0.516;21.9
Pve_D_1_t2.CSV;32;28.06.2021;15:43:55;4;4;0;198;0.495;0;0.879;0.352;0.437;36.3
Pve_D_1_t2.CSV;42;28.06.2021;15:44:05;5;4;0;363;0.549;0;0.84;0.346;0.346;52.8
Pve_D_1_t2.CSV;52;28.06.2021;15:44:15;6;4;0;619;0.568;0;0.774;0.334;0.266;69.2
Pve_D_1_t2.CSV;62;28.06.2021;15:44:25;7;4;0;981;0.556;0;0.695;0.318;0.2;82.4
Pve_D_1_t2.CSV;72;28.06.2021;15:44:35;8;4;0;1386;0.525;0;0.621;0.302;0.155;90
Pve_D_1_t2.CSV;82;28.06.2021;15:44:45;9;4;0;2015;0.493;0;0.554;0.285;0.11;93.2
Pve_D_1_t2.CSV;92;28.06.2021;15:44:55;10;4;0;2970;0.462;0;0.5;0.27;0.076;94.8
Pve_D_2_t2.CSV;2;28.06.2021;13:46:07;1;4;0;0;0.364;0;0.935;0.364;0.611;0
Pve_D_2_t2.CSV;12;28.06.2021;13:46:17;2;4;0;31;0.391;0;0.932;0.364;0.58;7.6
Pve_D_2_t2.CSV;22;28.06.2021;13:46:27;3;4;0;101;0.475;0;0.935;0.364;0.492;20.9
Pve_D_2_t2.CSV;32;28.06.2021;13:46:37;4;4;0;198;0.554;0;0.928;0.363;0.403;33.5
Pve_D_2_t2.CSV;42;28.06.2021;13:46:47;5;4;0;363;0.62;0;0.889;0.357;0.303;46.1
Pve_D_2_t2.CSV;52;28.06.2021;13:46:57;6;4;0;619;0.648;0;0.831;0.347;0.22;57.3
Pve_D_2_t2.CSV;62;28.06.2021;13:47:07;7;4;0;981;0.64;0;0.756;0.333;0.153;63.2
Pve_D_2_t2.CSV;72;28.06.2021;13:47:17;8;4;0;1386;0.612;0;0.691;0.32;0.114;66.6
Pve_D_2_t2.CSV;82;28.06.2021;13:47:27;9;4;0;2015;0.583;0;0.634;0.307;0.08;68.1
Pve_D_2_t2.CSV;92;28.06.2021;13:47:37;10;4;0;2970;0.551;0;0.582;0.294;0.053;66.4
Pve_D_3_t2.CSV;2;28.06.2021;14:53:40;1;4;0;0;0.289;0;0.75;0.289;0.615;0
Pve_D_3_t2.CSV;12;28.06.2021;14:53:50;2;4;0;31;0.311;0;0.75;0.289;0.585;7.6
Pve_D_3_t2.CSV;22;28.06.2021;14:54:00;3;4;0;101;0.371;0;0.753;0.289;0.507;21.5
Pve_D_3_t2.CSV;32;28.06.2021;14:54:10;4;4;0;198;0.42;0;0.731;0.286;0.425;35.4
Pve_D_3_t2.CSV;42;28.06.2021;14:54:20;5;4;0;363;0.458;0;0.687;0.279;0.333;50.8
Pve_D_3_t2.CSV;52;28.06.2021;14:54:30;6;4;0;619;0.476;0;0.634;0.27;0.249;64.8
Pve_D_3_t2.CSV;62;28.06.2021;14:54:40;7;4;0;981;0.472;0;0.579;0.259;0.185;76.1
Pve_D_3_t2.CSV;72;28.06.2021;14:54:50;8;4;0;1386;0.451;0;0.526;0.248;0.143;83
Pve_D_3_t2.CSV;82;28.06.2021;14:55:00;9;4;0;2015;0.426;0;0.477;0.237;0.107;90.5
Pve_D_3_t2.CSV;92;28.06.2021;14:55:10;10;4;0;2970;0.405;0;0.439;0.227;0.077;96.6
Pve_D_4_t2.CSV;2;28.06.2021;14:18:05;1;4;0;0;0.334;0;0.806;0.334;0.586;0
Pve_D_4_t2.CSV;12;28.06.2021;14:18:15;2;4;0;31;0.334;0;0.807;0.334;0.586;7.6
Pve_D_4_t2.CSV;22;28.06.2021;14:18:25;3;4;0;101;0.377;0;0.818;0.336;0.539;22.9
Pve_D_4_t2.CSV;32;28.06.2021;14:18:35;4;4;0;198;0.428;0;0.816;0.336;0.475;39.5
Pve_D_4_t2.CSV;42;28.06.2021;14:18:45;5;4;0;363;0.477;0;0.786;0.331;0.393;59.9
Pve_D_4_t2.CSV;52;28.06.2021;14:18:55;6;4;0;619;0.509;0;0.733;0.321;0.306;79.4
Pve_D_4_t2.CSV;62;28.06.2021;14:19:05;7;4;0;981;0.509;0;0.665;0.307;0.235;96.7
Pve_D_4_t2.CSV;72;28.06.2021;14:19:15;8;4;0;1386;0.487;0;0.594;0.291;0.18;104.9
Pve_D_4_t2.CSV;82;28.06.2021;14:19:25;9;4;0;2015;0.458;0;0.526;0.274;0.129;109.4
Pve_D_4_t2.CSV;92;28.06.2021;14:19:35;10;4;0;2970;0.43;0;0.476;0.259;0.097;120.5
Pve_D_5_t2.CSV;2;28.06.2021;13:11:45;1;4;0;0;0.375;0;0.954;0.375;0.607;0
Pve_D_5_t2.CSV;12;28.06.2021;13:11:55;2;4;0;31;0.387;0;0.963;0.376;0.598;7.8
Pve_D_5_t2.CSV;22;28.06.2021;13:12:05;3;4;0;101;0.449;0;0.963;0.376;0.534;22.6
Pve_D_5_t2.CSV;32;28.06.2021;13:12:15;4;4;0;198;0.517;0;0.95;0.374;0.456;37.9
Pve_D_5_t2.CSV;42;28.06.2021;13:12:25;5;4;0;363;0.574;0;0.885;0.364;0.351;53.6
Pve_D_5_t2.CSV;52;28.06.2021;13:12:35;6;4;0;619;0.595;0;0.803;0.349;0.259;67.3
Pve_D_5_t2.CSV;62;28.06.2021;13:12:45;7;4;0;981;0.58;0;0.717;0.332;0.191;78.7
Pve_D_5_t2.CSV;72;28.06.2021;13:12:55;8;4;0;1386;0.547;0;0.639;0.314;0.144;83.8
Pve_D_5_t2.CSV;82;28.06.2021;13:13:05;9;4;0;2015;0.513;0;0.572;0.297;0.103;87.3
Pve_D_5_t2.CSV;92;28.06.2021;13:13:15;10;4;0;2970;0.481;0;0.517;0.281;0.07;86.9
Pve_D_6_t2.CSV;2;29.06.2021;15:19:45;1;4;0;0;0.302;0;0.757;0.302;0.601;0
Pve_D_6_t2.CSV;12;29.06.2021;15:19:55;2;4;0;31;0.303;0;0.749;0.301;0.595;7.8
Pve_D_6_t2.CSV;22;29.06.2021;15:20:05;3;4;0;101;0.348;0;0.751;0.301;0.537;22.8
Pve_D_6_t2.CSV;32;29.06.2021;15:20:15;4;4;0;198;0.397;0;0.743;0.3;0.466;38.7
Pve_D_6_t2.CSV;42;29.06.2021;15:20:25;5;4;0;363;0.452;0;0.717;0.295;0.37;56.3
Pve_D_6_t2.CSV;52;29.06.2021;15:20:35;6;4;0;619;0.484;0;0.665;0.286;0.272;70.8
Pve_D_6_t2.CSV;62;29.06.2021;15:20:45;7;4;0;981;0.484;0;0.606;0.275;0.201;82.9
Pve_D_6_t2.CSV;72;29.06.2021;15:20:55;8;4;0;1386;0.466;0;0.549;0.262;0.151;88
Pve_D_6_t2.CSV;82;29.06.2021;15:21:05;9;4;0;2015;0.441;0;0.493;0.249;0.105;89.3
Pve_D_6_t2.CSV;92;29.06.2021;15:21:15;10;4;0;2970;0.414;0;0.447;0.237;0.074;92.1
Pve_D_7_t2.CSV;2;29.06.2021;13:35:46;1;4;0;0;0.311;0;0.759;0.311;0.59;0
Pve_D_7_t2.CSV;12;29.06.2021;13:35:56;2;4;0;31;0.305;0;0.766;0.312;0.602;7.8
Pve_D_7_t2.CSV;22;29.06.2021;13:36:06;3;4;0;101;0.346;0;0.787;0.316;0.56;23.8
Pve_D_7_t2.CSV;32;29.06.2021;13:36:16;4;4;0;198;0.388;0;0.784;0.315;0.505;42
Pve_D_7_t2.CSV;42;29.06.2021;13:36:26;5;4;0;363;0.439;0;0.765;0.312;0.426;65
Pve_D_7_t2.CSV;52;29.06.2021;13:36:36;6;4;0;619;0.475;0;0.719;0.304;0.339;88.2
Pve_D_7_t2.CSV;62;29.06.2021;13:36:46;7;4;0;981;0.482;0;0.661;0.293;0.271;111.6
Pve_D_7_t2.CSV;72;29.06.2021;13:36:56;8;4;0;1386;0.464;0;0.592;0.279;0.216;125.9
Pve_D_7_t2.CSV;82;29.06.2021;13:37:06;9;4;0;2015;0.443;0;0.527;0.263;0.159;134.9
Pve_D_7_t2.CSV;91;29.06.2021;13:37:15;10;4;0;2970;0.418;0;0.472;0.249;0.114;142.7
Pve_D_8_t2.CSV;2;29.06.2021;14:42:09;1;4;0;0;0.308;0;0.778;0.308;0.604;0
Pve_D_8_t2.CSV;12;29.06.2021;14:42:19;2;4;0;31;0.299;0;0.768;0.306;0.611;8
Pve_D_8_t2.CSV;22;29.06.2021;14:42:29;3;4;0;101;0.34;0;0.772;0.307;0.56;23.7
Pve_D_8_t2.CSV;32;29.06.2021;14:42:39;4;4;0;198;0.392;0;0.774;0.307;0.494;41
Pve_D_8_t2.CSV;42;29.06.2021;14:42:49;5;4;0;363;0.456;0;0.763;0.306;0.402;61.3
Pve_D_8_t2.CSV;52;29.06.2021;14:42:59;6;4;0;619;0.498;0;0.717;0.298;0.305;79.4
Pve_D_8_t2.CSV;62;29.06.2021;14:43:09;7;4;0;981;0.506;0;0.658;0.287;0.231;95.2
Pve_D_8_t2.CSV;72;29.06.2021;14:43:19;8;4;0;1386;0.488;0;0.596;0.275;0.181;105.5
Pve_D_8_t2.CSV;82;29.06.2021;14:43:29;9;4;0;2015;0.464;0;0.536;0.261;0.134;113.7
Pve_D_8_t2.CSV;92;29.06.2021;14:43:39;10;4;0;2970;0.437;0;0.483;0.248;0.095;118.8
Pve_D_9_t2.CSV;2;29.06.2021;14:07:07;1;4;0;0;0.381;0;0.919;0.381;0.585;0
Pve_D_9_t2.CSV;12;29.06.2021;14:07:17;2;4;0;31;0.364;0;0.913;0.38;0.601;7.8
Pve_D_9_t2.CSV;22;29.06.2021;14:07:27;3;4;0;101;0.405;0;0.922;0.382;0.561;23.8
Pve_D_9_t2.CSV;32;29.06.2021;14:07:37;4;4;0;198;0.457;0;0.923;0.382;0.505;42
Pve_D_9_t2.CSV;42;29.06.2021;14:07:47;5;4;0;363;0.518;0;0.89;0.376;0.418;63.7
Pve_D_9_t2.CSV;52;29.06.2021;14:07:57;6;4;0;619;0.561;0;0.835;0.366;0.328;85.3
Pve_D_9_t2.CSV;62;29.06.2021;14:08:07;7;4;0;981;0.567;0;0.755;0.35;0.249;102.6
Pve_D_9_t2.CSV;72;29.06.2021;14:08:17;8;4;0;1386;0.543;0;0.672;0.331;0.192;111.7
Pve_D_9_t2.CSV;82;29.06.2021;14:08:27;9;4;0;2015;0.514;0;0.596;0.311;0.138;116.4
Pve_D_9_t2.CSV;92;29.06.2021;14:08:37;10;4;0;2970;0.484;0;0.535;0.294;0.095;118.9
Pve_E_10_t2.CSV;2;29.06.2021;13:04:57;1;4;0;0;0.249;0;0.651;0.249;0.618;0
Pve_E_10_t2.CSV;12;29.06.2021;13:05:07;2;4;0;31;0.24;0;0.637;0.247;0.623;8.1
Pve_E_10_t2.CSV;22;29.06.2021;13:05:17;3;4;0;101;0.276;0;0.613;0.243;0.55;23.3
Pve_E_10_t2.CSV;32;29.06.2021;13:05:27;4;4;0;198;0.311;0;0.579;0.238;0.463;38.5
Pve_E_10_t2.CSV;42;29.06.2021;13:05:37;5;4;0;363;0.348;0;0.54;0.231;0.356;54.2
Pve_E_10_t2.CSV;52;29.06.2021;13:05:47;6;4;0;619;0.37;0;0.498;0.223;0.257;66.8
Pve_E_10_t2.CSV;62;29.06.2021;13:05:57;7;4;0;981;0.375;0;0.457;0.214;0.179;73.9
Pve_E_10_t2.CSV;72;29.06.2021;13:06:07;8;4;0;1386;0.364;0;0.421;0.206;0.135;78.8
Pve_E_10_t2.CSV;82;29.06.2021;13:06:17;9;4;0;2015;0.354;0;0.391;0.199;0.095;80.1
Pve_E_10_t2.CSV;92;29.06.2021;13:06:27;10;4;0;2970;0.341;0;0.363;0.191;0.061;75.6
Pve_E_11_t2.CSV;2;27.06.2021;15:40:16;1;4;0;0;0.275;0;0.611;0.275;0.55;0
Pve_E_11_t2.CSV;12;27.06.2021;15:40:26;2;4;0;31;0.265;0;0.59;0.271;0.551;7.2
Pve_E_11_t2.CSV;22;27.06.2021;15:40:36;3;4;0;101;0.304;0;0.582;0.269;0.478;20.3
Pve_E_11_t2.CSV;32;27.06.2021;15:40:46;4;4;0;198;0.337;0;0.565;0.265;0.404;33.6
Pve_E_11_t2.CSV;42;27.06.2021;15:40:56;5;4;0;363;0.373;0;0.54;0.26;0.309;47.1
Pve_E_11_t2.CSV;52;27.06.2021;15:41:06;6;4;0;619;0.392;0;0.505;0.251;0.224;58.2
Pve_E_11_t2.CSV;62;27.06.2021;15:41:16;7;4;0;981;0.391;0;0.465;0.241;0.159;65.6
Pve_E_11_t2.CSV;72;27.06.2021;15:41:26;8;4;0;1386;0.377;0;0.427;0.23;0.117;68.2
Pve_E_11_t2.CSV;82;27.06.2021;15:41:36;9;4;0;2015;0.358;0;0.389;0.219;0.08;67.4
Pve_E_11_t2.CSV;92;27.06.2021;15:41:46;10;4;0;2970;0.34;0;0.36;0.209;0.056;69.3
Pve_E_12_t2.CSV;2;27.06.2021;13:53:37;1;4;0;0;0.311;0;0.681;0.311;0.543;0
Pve_E_12_t2.CSV;12;27.06.2021;13:53:47;2;4;0;31;0.309;0;0.666;0.308;0.536;7
Pve_E_12_t2.CSV;22;27.06.2021;13:53:57;3;4;0;101;0.351;0;0.661;0.307;0.469;19.9
Pve_E_12_t2.CSV;32;27.06.2021;13:54:07;4;4;0;198;0.391;0;0.645;0.303;0.394;32.7
Pve_E_12_t2.CSV;42;27.06.2021;13:54:17;5;4;0;363;0.43;0;0.617;0.297;0.303;46.2
Pve_E_12_t2.CSV;52;27.06.2021;13:54:27;6;4;0;619;0.454;0;0.578;0.288;0.215;55.8
Pve_E_12_t2.CSV;62;27.06.2021;13:54:37;7;4;0;981;0.456;0;0.538;0.277;0.152;62.8
Pve_E_12_t2.CSV;72;27.06.2021;13:54:47;8;4;0;1386;0.441;0;0.497;0.266;0.113;65.6
Pve_E_12_t2.CSV;82;27.06.2021;13:54:57;9;4;0;2015;0.422;0;0.457;0.254;0.077;64.8
Pve_E_12_t2.CSV;92;27.06.2021;13:55:07;10;4;0;2970;0.398;0;0.418;0.242;0.048;59.7
Pve_E_13_t2.CSV;2;27.06.2021;15:04:18;1;4;0;0;0.317;0;0.884;0.317;0.641;0
Pve_E_13_t2.CSV;13;27.06.2021;15:04:29;2;4;0;31;0.3;0;0.864;0.314;0.653;8.5
Pve_E_13_t2.CSV;22;27.06.2021;15:04:38;3;4;0;101;0.359;0;0.85;0.313;0.578;24.5
Pve_E_13_t2.CSV;33;27.06.2021;15:04:49;4;4;0;198;0.431;0;0.818;0.308;0.473;39.3
Pve_E_13_t2.CSV;43;27.06.2021;15:04:59;5;4;0;363;0.514;0;0.793;0.304;0.352;53.6
Pve_E_13_t2.CSV;52;27.06.2021;15:05:08;6;4;0;619;0.57;0;0.752;0.298;0.242;62.9
Pve_E_13_t2.CSV;62;27.06.2021;15:05:18;7;4;0;981;0.588;0;0.704;0.29;0.165;67.9
Pve_E_13_t2.CSV;72;27.06.2021;15:05:28;8;4;0;1386;0.579;0;0.657;0.282;0.119;69.1
Pve_E_13_t2.CSV;82;27.06.2021;15:05:38;9;4;0;2015;0.557;0;0.607;0.272;0.082;69.7
Pve_E_13_t2.CSV;92;27.06.2021;15:05:48;10;4;0;2970;0.533;0;0.565;0.264;0.057;70.6
Pve_E_14_t2.CSV;2;27.06.2021;14:23:05;1;4;0;0;0.319;0;0.846;0.319;0.623;0
Pve_E_14_t2.CSV;12;27.06.2021;14:23:15;2;4;0;31;0.299;0;0.832;0.317;0.641;8.3
Pve_E_14_t2.CSV;22;27.06.2021;14:23:25;3;4;0;101;0.334;0;0.828;0.316;0.597;25.3
Pve_E_14_t2.CSV;32;27.06.2021;14:23:35;4;4;0;198;0.378;0;0.806;0.313;0.531;44.2
Pve_E_14_t2.CSV;42;27.06.2021;14:23:45;5;4;0;363;0.445;0;0.775;0.308;0.426;64.9
Pve_E_14_t2.CSV;52;27.06.2021;14:23:55;6;4;0;619;0.498;0;0.732;0.301;0.32;83.1
Pve_E_14_t2.CSV;62;27.06.2021;14:24:05;7;4;0;981;0.521;0;0.679;0.292;0.233;95.9
Pve_E_14_t2.CSV;72;27.06.2021;14:24:15;8;4;0;1386;0.516;0;0.625;0.281;0.174;101.5
Pve_E_14_t2.CSV;82;27.06.2021;14:24:25;9;4;0;2015;0.496;0;0.569;0.27;0.128;108.6
Pve_E_14_t2.CSV;92;27.06.2021;14:24:35;10;4;0;2970;0.475;0;0.52;0.258;0.087;107.9
Pve_E_15_t2.CSV;2;27.06.2021;13:21:33;1;4;0;0;0.292;0;0.779;0.292;0.625;0
Pve_E_15_t2.CSV;13;27.06.2021;13:21:44;2;4;0;31;0.3;0;0.772;0.291;0.611;8
Pve_E_15_t2.CSV;22;27.06.2021;13:21:53;3;4;0;101;0.349;0;0.769;0.291;0.546;23.2
Pve_E_15_t2.CSV;32;27.06.2021;13:22:03;4;4;0;198;0.408;0;0.762;0.29;0.465;38.6
Pve_E_15_t2.CSV;43;27.06.2021;13:22:14;5;4;0;363;0.48;0;0.744;0.287;0.355;54.1
Pve_E_15_t2.CSV;52;27.06.2021;13:22:23;6;4;0;619;0.534;0;0.718;0.283;0.256;66.6
Pve_E_15_t2.CSV;62;27.06.2021;13:22:33;7;4;0;981;0.56;0;0.684;0.278;0.181;74.7
Pve_E_15_t2.CSV;73;27.06.2021;13:22:44;8;4;0;1386;0.56;0;0.647;0.271;0.134;78.3
Pve_E_15_t2.CSV;83;27.06.2021;13:22:54;9;4;0;2015;0.551;0;0.608;0.264;0.094;79.3
Pve_E_15_t2.CSV;92;27.06.2021;13:23:03;10;4;0;2970;0.534;0;0.57;0.257;0.063;78.8
Pve_E_1_t2.CSV;2;28.06.2021;15:46:38;1;4;0;0;0.358;0;0.888;0.358;0.597;0
Pve_E_1_t2.CSV;12;28.06.2021;15:46:48;2;4;0;31;0.367;0;0.882;0.357;0.584;7.6
Pve_E_1_t2.CSV;22;28.06.2021;15:46:58;3;4;0;101;0.442;0;0.887;0.358;0.502;21.3
Pve_E_1_t2.CSV;32;28.06.2021;15:47:08;4;4;0;198;0.504;0;0.869;0.355;0.42;34.9
Pve_E_1_t2.CSV;42;28.06.2021;15:47:18;5;4;0;363;0.562;0;0.831;0.348;0.324;49.4
Pve_E_1_t2.CSV;52;28.06.2021;15:47:28;6;4;0;619;0.59;0;0.773;0.338;0.237;61.5
Pve_E_1_t2.CSV;62;28.06.2021;15:47:38;7;4;0;981;0.586;0;0.705;0.324;0.169;69.5
Pve_E_1_t2.CSV;72;28.06.2021;15:47:48;8;4;0;1386;0.562;0;0.641;0.31;0.123;71.7
Pve_E_1_t2.CSV;82;28.06.2021;15:47:58;9;4;0;2015;0.53;0;0.581;0.295;0.088;74.3
Pve_E_1_t2.CSV;92;28.06.2021;15:48:08;10;4;0;2970;0.494;0;0.526;0.28;0.061;75.9
Pve_E_2_t2.CSV;2;28.06.2021;13:48:17;1;4;0;0;0.308;0;0.847;0.308;0.636;0
Pve_E_2_t2.CSV;12;28.06.2021;13:48:27;2;4;0;31;0.297;0;0.832;0.306;0.643;8.4
Pve_E_2_t2.CSV;22;28.06.2021;13:48:37;3;4;0;101;0.342;0;0.825;0.305;0.585;24.8
Pve_E_2_t2.CSV;32;28.06.2021;13:48:47;4;4;0;198;0.396;0;0.802;0.302;0.506;42.1
Pve_E_2_t2.CSV;42;28.06.2021;13:48:57;5;4;0;363;0.461;0;0.766;0.297;0.398;60.7
Pve_E_2_t2.CSV;52;28.06.2021;13:49:07;6;4;0;619;0.504;0;0.71;0.288;0.29;75.4
Pve_E_2_t2.CSV;62;28.06.2021;13:49:17;7;4;0;981;0.512;0;0.649;0.277;0.211;87
Pve_E_2_t2.CSV;72;28.06.2021;13:49:27;8;4;0;1386;0.496;0;0.589;0.266;0.158;91.9
Pve_E_2_t2.CSV;82;28.06.2021;13:49:37;9;4;0;2015;0.477;0;0.538;0.255;0.113;96
Pve_E_2_t2.CSV;92;28.06.2021;13:49:47;10;4;0;2970;0.457;0;0.495;0.245;0.077;95.8
Pve_E_3_t2.CSV;2;28.06.2021;14:55:59;1;4;0;0;0.284;0;0.688;0.284;0.587;0
Pve_E_3_t2.CSV;12;28.06.2021;14:56:09;2;4;0;31;0.287;0;0.684;0.283;0.58;7.6
Pve_E_3_t2.CSV;22;28.06.2021;14:56:19;3;4;0;101;0.336;0;0.687;0.284;0.511;21.7
Pve_E_3_t2.CSV;32;28.06.2021;14:56:29;4;4;0;198;0.385;0;0.678;0.282;0.432;35.9
Pve_E_3_t2.CSV;42;28.06.2021;14:56:39;5;4;0;363;0.432;0;0.657;0.279;0.342;52.2
Pve_E_3_t2.CSV;52;28.06.2021;14:56:49;6;4;0;619;0.462;0;0.62;0.272;0.255;66.3
Pve_E_3_t2.CSV;62;28.06.2021;14:56:59;7;4;0;981;0.468;0;0.572;0.262;0.182;74.9
Pve_E_3_t2.CSV;72;28.06.2021;14:57:09;8;4;0;1386;0.453;0;0.523;0.251;0.134;77.9
Pve_E_3_t2.CSV;82;28.06.2021;14:57:19;9;4;0;2015;0.434;0;0.481;0.241;0.098;82.7
Pve_E_3_t2.CSV;92;28.06.2021;14:57:29;10;4;0;2970;0.409;0;0.437;0.23;0.064;79.9
Pve_E_4_t2.CSV;2;28.06.2021;14:20:37;1;4;0;0;0.294;0;0.818;0.294;0.641;0
Pve_E_4_t2.CSV;12;28.06.2021;14:20:47;2;4;0;31;0.287;0;0.802;0.292;0.642;8.4
Pve_E_4_t2.CSV;22;28.06.2021;14:20:57;3;4;0;101;0.34;0;0.797;0.291;0.573;24.3
Pve_E_4_t2.CSV;32;28.06.2021;14:21:07;4;4;0;198;0.398;0;0.775;0.288;0.486;40.5
Pve_E_4_t2.CSV;42;28.06.2021;14:21:17;5;4;0;363;0.467;0;0.741;0.283;0.37;56.4
Pve_E_4_t2.CSV;52;28.06.2021;14:21:27;6;4;0;619;0.513;0;0.699;0.277;0.266;69.2
Pve_E_4_t2.CSV;62;28.06.2021;14:21:37;7;4;0;981;0.528;0;0.65;0.269;0.188;77.3
Pve_E_4_t2.CSV;72;28.06.2021;14:21:47;8;4;0;1386;0.517;0;0.599;0.26;0.137;79.7
Pve_E_4_t2.CSV;82;28.06.2021;14:21:57;9;4;0;2015;0.501;0;0.555;0.251;0.097;82.3
Pve_E_4_t2.CSV;92;28.06.2021;14:22:07;10;4;0;2970;0.48;0;0.513;0.242;0.064;80.2
Pve_E_5_t2.CSV;2;28.06.2021;13:14:01;1;4;0;0;0.309;0;0.833;0.309;0.629;0
Pve_E_5_t2.CSV;12;28.06.2021;13:14:11;2;4;0;31;0.297;0;0.823;0.308;0.639;8.3
Pve_E_5_t2.CSV;22;28.06.2021;13:14:21;3;4;0;101;0.338;0;0.814;0.306;0.585;24.8
Pve_E_5_t2.CSV;32;28.06.2021;13:14:31;4;4;0;198;0.384;0;0.795;0.304;0.517;43
Pve_E_5_t2.CSV;42;28.06.2021;13:14:41;5;4;0;363;0.452;0;0.773;0.3;0.415;63.3
Pve_E_5_t2.CSV;52;28.06.2021;13:14:51;6;4;0;619;0.508;0;0.728;0.293;0.302;78.6
Pve_E_5_t2.CSV;62;28.06.2021;13:15:01;7;4;0;981;0.53;0;0.685;0.286;0.226;93.2
Pve_E_5_t2.CSV;72;28.06.2021;13:15:11;8;4;0;1386;0.526;0;0.633;0.277;0.169;98.4
Pve_E_5_t2.CSV;82;28.06.2021;13:15:21;9;4;0;2015;0.516;0;0.585;0.267;0.118;99.8
Pve_E_5_t2.CSV;92;28.06.2021;13:15:31;10;4;0;2970;0.5;0;0.543;0.258;0.079;98.8
Pve_E_6_t2.CSV;2;29.06.2021;15:22:14;1;4;0;0;0.33;0;0.951;0.33;0.653;0
Pve_E_6_t2.CSV;12;29.06.2021;15:22:24;2;4;0;31;0.306;0;0.926;0.327;0.67;8.7
Pve_E_6_t2.CSV;22;29.06.2021;15:22:34;3;4;0;101;0.351;0;0.923;0.327;0.62;26.3
Pve_E_6_t2.CSV;32;29.06.2021;15:22:44;4;4;0;198;0.4;0;0.899;0.324;0.555;46.2
Pve_E_6_t2.CSV;42;29.06.2021;15:22:54;5;4;0;363;0.469;0;0.856;0.318;0.452;68.9
Pve_E_6_t2.CSV;52;29.06.2021;15:23:04;6;4;0;619;0.531;0;0.798;0.309;0.335;87
Pve_E_6_t2.CSV;62;29.06.2021;15:23:14;7;4;0;981;0.559;0;0.741;0.3;0.246;101.2
Pve_E_6_t2.CSV;72;29.06.2021;15:23:24;8;4;0;1386;0.551;0;0.674;0.289;0.182;106.2
Pve_E_6_t2.CSV;82;29.06.2021;15:23:34;9;4;0;2015;0.537;0;0.62;0.278;0.134;113.3
Pve_E_6_t2.CSV;92;29.06.2021;15:23:44;10;4;0;2970;0.516;0;0.57;0.268;0.095;118.2
Pve_E_7_t2.CSV;2;29.06.2021;13:38:08;1;4;0;0;0.301;0;0.813;0.301;0.63;0
Pve_E_7_t2.CSV;12;29.06.2021;13:38:18;2;4;0;31;0.319;0;0.8;0.299;0.601;7.8
Pve_E_7_t2.CSV;22;29.06.2021;13:38:28;3;4;0;101;0.395;0;0.79;0.298;0.5;21.2
Pve_E_7_t2.CSV;32;29.06.2021;13:38:38;4;4;0;198;0.474;0;0.768;0.295;0.383;31.8
Pve_E_7_t2.CSV;42;29.06.2021;13:38:48;5;4;0;363;0.538;0;0.735;0.29;0.268;40.9
Pve_E_7_t2.CSV;52;29.06.2021;13:38:58;6;4;0;619;0.567;0;0.693;0.283;0.182;47.3
Pve_E_7_t2.CSV;62;29.06.2021;13:39:08;7;4;0;981;0.567;0;0.65;0.275;0.128;52.6
Pve_E_7_t2.CSV;72;29.06.2021;13:39:18;8;4;0;1386;0.551;0;0.605;0.267;0.089;52
Pve_E_7_t2.CSV;82;29.06.2021;13:39:28;9;4;0;2015;0.529;0;0.567;0.259;0.067;56.7
Pve_E_7_t2.CSV;92;29.06.2021;13:39:38;10;4;0;2970;0.504;0;0.527;0.251;0.044;54.4
Pve_E_8_t2.CSV;2;29.06.2021;14:44:28;1;4;0;0;0.32;0;0.922;0.32;0.653;0
Pve_E_8_t2.CSV;12;29.06.2021;14:44:38;2;4;0;31;0.309;0;0.911;0.319;0.661;8.6
Pve_E_8_t2.CSV;22;29.06.2021;14:44:48;3;4;0;101;0.357;0;0.906;0.318;0.606;25.7
Pve_E_8_t2.CSV;32;29.06.2021;14:44:58;4;4;0;198;0.418;0;0.885;0.315;0.528;43.9
Pve_E_8_t2.CSV;42;29.06.2021;14:45:08;5;4;0;363;0.491;0;0.832;0.308;0.41;62.5
Pve_E_8_t2.CSV;52;29.06.2021;14:45:18;6;4;0;619;0.554;0;0.788;0.302;0.297;77.2
Pve_E_8_t2.CSV;62;29.06.2021;14:45:28;7;4;0;981;0.58;0;0.734;0.294;0.21;86.4
Pve_E_8_t2.CSV;72;29.06.2021;14:45:38;8;4;0;1386;0.571;0;0.675;0.284;0.154;89.7
Pve_E_8_t2.CSV;82;29.06.2021;14:45:48;9;4;0;2015;0.557;0;0.627;0.275;0.112;94.5
Pve_E_8_t2.CSV;92;29.06.2021;14:45:58;10;4;0;2970;0.535;0;0.576;0.265;0.071;88.8
Pve_E_9_t2.CSV;2;29.06.2021;14:09:31;1;4;0;0;0.346;0;0.906;0.346;0.618;0
Pve_E_9_t2.CSV;12;29.06.2021;14:09:41;2;4;0;31;0.374;0;0.894;0.344;0.582;7.6
Pve_E_9_t2.CSV;22;29.06.2021;14:09:51;3;4;0;101;0.469;0;0.889;0.343;0.472;20
Pve_E_9_t2.CSV;32;29.06.2021;14:10:01;4;4;0;198;0.561;0;0.869;0.34;0.354;29.5
Pve_E_9_t2.CSV;42;29.06.2021;14:10:11;5;4;0;363;0.63;0;0.84;0.336;0.25;38.1
Pve_E_9_t2.CSV;52;29.06.2021;14:10:21;6;4;0;619;0.664;0;0.803;0.33;0.173;45
Pve_E_9_t2.CSV;62;29.06.2021;14:10:31;7;4;0;981;0.67;0;0.761;0.323;0.12;49.3
Pve_E_9_t2.CSV;72;29.06.2021;14:10:41;8;4;0;1386;0.652;0;0.716;0.314;0.089;52
Pve_E_9_t2.CSV;82;29.06.2021;14:10:51;9;4;0;2015;0.63;0;0.669;0.305;0.058;49.3
Pve_E_9_t2.CSV;92;29.06.2021;14:11:01;10;4;0;2970;0.602;0;0.629;0.296;0.043;53.5
Pve_F_10_t2.CSV;2;29.06.2021;13:09:06;1;4;0;0;0.251;0;0.612;0.251;0.59;0
Pve_F_10_t2.CSV;12;29.06.2021;13:09:16;2;4;0;31;0.249;0;0.59;0.247;0.578;7.5
Pve_F_10_t2.CSV;22;29.06.2021;13:09:26;3;4;0;101;0.272;0;0.58;0.245;0.531;22.5
Pve_F_10_t2.CSV;32;29.06.2021;13:09:36;4;4;0;198;0.288;0;0.554;0.241;0.48;39.9
Pve_F_10_t2.CSV;42;29.06.2021;13:09:46;5;4;0;363;0.302;0;0.512;0.232;0.41;62.5
Pve_F_10_t2.CSV;52;29.06.2021;13:09:56;6;4;0;619;0.308;0;0.46;0.221;0.33;85.9
Pve_F_10_t2.CSV;62;29.06.2021;13:10:06;7;4;0;981;0.301;0;0.411;0.209;0.268;110.3
Pve_F_10_t2.CSV;72;29.06.2021;13:10:16;8;4;0;1386;0.286;0;0.361;0.195;0.208;120.9
Pve_F_10_t2.CSV;82;29.06.2021;13:10:26;9;4;0;2015;0.272;0;0.323;0.184;0.158;133.6
Pve_F_10_t2.CSV;92;29.06.2021;13:10:36;10;4;0;2970;0.259;0;0.292;0.173;0.113;141
Pve_F_11_t2.CSV;2;27.06.2021;15:42:51;1;4;0;0;0.286;0;0.71;0.286;0.597;0
Pve_F_11_t2.CSV;12;27.06.2021;15:43:01;2;4;0;31;0.282;0;0.707;0.286;0.601;7.8
Pve_F_11_t2.CSV;22;27.06.2021;15:43:11;3;4;0;101;0.317;0;0.715;0.287;0.557;23.6
Pve_F_11_t2.CSV;32;27.06.2021;15:43:21;4;4;0;198;0.357;0;0.712;0.286;0.499;41.5
Pve_F_11_t2.CSV;42;27.06.2021;15:43:31;5;4;0;363;0.408;0;0.691;0.283;0.41;62.4
Pve_F_11_t2.CSV;52;27.06.2021;15:43:41;6;4;0;619;0.442;0;0.645;0.275;0.315;81.8
Pve_F_11_t2.CSV;62;27.06.2021;15:43:51;7;4;0;981;0.451;0;0.591;0.265;0.237;97.6
Pve_F_11_t2.CSV;72;27.06.2021;15:44:01;8;4;0;1386;0.436;0;0.532;0.252;0.18;105
Pve_F_11_t2.CSV;82;27.06.2021;15:44:11;9;4;0;2015;0.415;0;0.48;0.24;0.135;114.6
Pve_F_11_t2.CSV;92;27.06.2021;15:44:21;10;4;0;2970;0.389;0;0.429;0.226;0.093;116.3
Pve_F_12_t2.CSV;0;27.06.2021;13:56:11;1;4;0;0;0.275;0;0.668;0.275;0.588;0
Pve_F_12_t2.CSV;12;27.06.2021;13:56:22;2;4;0;31;0.281;0;0.656;0.273;0.572;7.4
Pve_F_12_t2.CSV;21;27.06.2021;13:56:31;3;4;0;101;0.317;0;0.645;0.271;0.509;21.6
Pve_F_12_t2.CSV;32;27.06.2021;13:56:42;4;4;0;198;0.353;0;0.623;0.267;0.433;36
Pve_F_12_t2.CSV;42;27.06.2021;13:56:52;5;4;0;363;0.385;0;0.587;0.26;0.344;52.5
Pve_F_12_t2.CSV;52;27.06.2021;13:57:02;6;4;0;619;0.401;0;0.541;0.251;0.259;67.3
Pve_F_12_t2.CSV;62;27.06.2021;13:57:12;7;4;0;981;0.399;0;0.492;0.24;0.189;77.9
Pve_F_12_t2.CSV;72;27.06.2021;13:57:22;8;4;0;1386;0.382;0;0.448;0.229;0.147;85.8
Pve_F_12_t2.CSV;82;27.06.2021;13:57:32;9;4;0;2015;0.364;0;0.406;0.217;0.103;87.5
Pve_F_12_t2.CSV;92;27.06.2021;13:57:42;10;4;0;2970;0.346;0;0.37;0.207;0.065;80.9
Pve_F_13_t2.CSV;2;27.06.2021;15:07:12;1;4;0;0;0.313;0;0.77;0.313;0.594;0
Pve_F_13_t2.CSV;12;27.06.2021;15:07:22;2;4;0;31;0.315;0;0.764;0.312;0.588;7.7
Pve_F_13_t2.CSV;23;27.06.2021;15:07:33;3;4;0;101;0.352;0;0.765;0.312;0.54;22.9
Pve_F_13_t2.CSV;33;27.06.2021;15:07:43;4;4;0;198;0.395;0;0.757;0.311;0.478;39.8
Pve_F_13_t2.CSV;43;27.06.2021;15:07:53;5;4;0;363;0.444;0;0.726;0.305;0.388;59.2
Pve_F_13_t2.CSV;53;27.06.2021;15:08:03;6;4;0;619;0.476;0;0.678;0.297;0.298;77.5
Pve_F_13_t2.CSV;63;27.06.2021;15:08:13;7;4;0;981;0.482;0;0.621;0.285;0.224;92.2
Pve_F_13_t2.CSV;73;27.06.2021;15:08:23;8;4;0;1386;0.466;0;0.561;0.272;0.169;98.6
Pve_F_13_t2.CSV;83;27.06.2021;15:08:33;9;4;0;2015;0.445;0;0.506;0.258;0.121;102
Pve_F_13_t2.CSV;93;27.06.2021;15:08:43;10;4;0;2970;0.42;0;0.457;0.245;0.081;101
Pve_F_14_t2.CSV;2;27.06.2021;14:25:41;1;4;0;0;0.25;0;0.608;0.25;0.589;0
Pve_F_14_t2.CSV;12;27.06.2021;14:25:51;2;4;0;31;0.248;0;0.595;0.248;0.583;7.6
Pve_F_14_t2.CSV;22;27.06.2021;14:26:01;3;4;0;101;0.279;0;0.594;0.248;0.53;22.5
Pve_F_14_t2.CSV;32;27.06.2021;14:26:11;4;4;0;198;0.308;0;0.575;0.244;0.464;38.6
Pve_F_14_t2.CSV;42;27.06.2021;14:26:21;5;4;0;363;0.337;0;0.54;0.238;0.376;57.3
Pve_F_14_t2.CSV;52;27.06.2021;14:26:31;6;4;0;619;0.352;0;0.495;0.229;0.289;75.1
Pve_F_14_t2.CSV;62;27.06.2021;14:26:41;7;4;0;981;0.348;0;0.445;0.217;0.218;89.8
Pve_F_14_t2.CSV;72;27.06.2021;14:26:51;8;4;0;1386;0.331;0;0.394;0.204;0.16;93.1
Pve_F_14_t2.CSV;82;27.06.2021;14:27:01;9;4;0;2015;0.313;0;0.359;0.195;0.128;108.4
Pve_F_14_t2.CSV;92;27.06.2021;14:27:11;10;4;0;2970;0.296;0;0.324;0.184;0.086;107.8
Pve_F_15_t2.CSV;2;27.06.2021;13:24:56;1;4;0;0;0.267;0;0.656;0.267;0.593;0
Pve_F_15_t2.CSV;12;27.06.2021;13:25:06;2;4;0;31;0.272;0;0.645;0.265;0.578;7.5
Pve_F_15_t2.CSV;22;27.06.2021;13:25:16;3;4;0;101;0.304;0;0.641;0.264;0.526;22.3
Pve_F_15_t2.CSV;32;27.06.2021;13:25:26;4;4;0;198;0.333;0;0.618;0.26;0.461;38.4
Pve_F_15_t2.CSV;42;27.06.2021;13:25:36;5;4;0;363;0.36;0;0.576;0.253;0.375;57.2
Pve_F_15_t2.CSV;52;27.06.2021;13:25:46;6;4;0;619;0.371;0;0.521;0.242;0.288;74.9
Pve_F_15_t2.CSV;62;27.06.2021;13:25:56;7;4;0;981;0.364;0;0.464;0.229;0.216;88.8
Pve_F_15_t2.CSV;72;27.06.2021;13:26:06;8;4;0;1386;0.343;0;0.41;0.215;0.163;95.1
Pve_F_15_t2.CSV;82;27.06.2021;13:26:16;9;4;0;2015;0.324;0;0.368;0.202;0.12;101.2
Pve_F_15_t2.CSV;92;27.06.2021;13:26:26;10;4;0;2970;0.306;0;0.334;0.192;0.084;104.6
Pve_F_1_t2.CSV;2;28.06.2021;15:51:34;1;4;0;0;0.295;0;0.723;0.295;0.592;0
Pve_F_1_t2.CSV;12;28.06.2021;15:51:44;2;4;0;31;0.302;0;0.719;0.294;0.58;7.6
Pve_F_1_t2.CSV;22;28.06.2021;15:51:54;3;4;0;101;0.35;0;0.716;0.294;0.511;21.7
Pve_F_1_t2.CSV;32;28.06.2021;15:52:04;4;4;0;198;0.395;0;0.702;0.291;0.437;36.4
Pve_F_1_t2.CSV;42;28.06.2021;15:52:14;5;4;0;363;0.433;0;0.665;0.285;0.349;53.2
Pve_F_1_t2.CSV;52;28.06.2021;15:52:24;6;4;0;619;0.449;0;0.611;0.274;0.265;68.9
Pve_F_1_t2.CSV;62;28.06.2021;15:52:34;7;4;0;981;0.445;0;0.554;0.262;0.197;81.1
Pve_F_1_t2.CSV;72;28.06.2021;15:52:44;8;4;0;1386;0.422;0;0.5;0.25;0.156;90.8
Pve_F_1_t2.CSV;82;28.06.2021;15:52:54;9;4;0;2015;0.402;0;0.453;0.237;0.113;95.3
Pve_F_1_t2.CSV;92;28.06.2021;15:53:04;10;4;0;2970;0.379;0;0.412;0.226;0.08;99.9
Pve_F_2_t2.CSV;2;28.06.2021;13:50:49;1;4;0;0;0.288;0;0.738;0.288;0.61;0
Pve_F_2_t2.CSV;12;28.06.2021;13:50:59;2;4;0;31;0.319;0;0.737;0.288;0.567;7.4
Pve_F_2_t2.CSV;22;28.06.2021;13:51:09;3;4;0;101;0.393;0;0.74;0.288;0.469;19.9
Pve_F_2_t2.CSV;32;28.06.2021;13:51:19;4;4;0;198;0.458;0;0.732;0.287;0.374;31.1
Pve_F_2_t2.CSV;42;28.06.2021;13:51:29;5;4;0;363;0.517;0;0.717;0.285;0.279;42.5
Pve_F_2_t2.CSV;52;28.06.2021;13:51:39;6;4;0;619;0.556;0;0.696;0.281;0.201;52.3
Pve_F_2_t2.CSV;62;28.06.2021;13:51:49;7;4;0;981;0.569;0;0.663;0.276;0.142;58.4
Pve_F_2_t2.CSV;72;28.06.2021;13:51:59;8;4;0;1386;0.562;0;0.632;0.27;0.111;64.5
Pve_F_2_t2.CSV;82;28.06.2021;13:52:09;9;4;0;2015;0.547;0;0.593;0.263;0.078;65.6
Pve_F_2_t2.CSV;92;28.06.2021;13:52:19;10;4;0;2970;0.524;0;0.554;0.255;0.054;67.5
Pve_F_3_t2.CSV;2;28.06.2021;14:58:49;1;4;0;0;0.265;0;0.669;0.265;0.604;0
Pve_F_3_t2.CSV;12;28.06.2021;14:58:59;2;4;0;31;0.291;0;0.663;0.264;0.561;7.3
Pve_F_3_t2.CSV;22;28.06.2021;14:59:09;3;4;0;101;0.353;0;0.658;0.263;0.464;19.7
Pve_F_3_t2.CSV;32;28.06.2021;14:59:19;4;4;0;198;0.408;0;0.649;0.262;0.371;30.9
Pve_F_3_t2.CSV;42;28.06.2021;14:59:29;5;4;0;363;0.454;0;0.632;0.259;0.282;42.9
Pve_F_3_t2.CSV;52;28.06.2021;14:59:39;6;4;0;619;0.48;0;0.601;0.254;0.201;52.3
Pve_F_3_t2.CSV;62;28.06.2021;14:59:49;7;4;0;981;0.482;0;0.562;0.246;0.142;58.7
Pve_F_3_t2.CSV;72;28.06.2021;14:59:59;8;4;0;1386;0.469;0;0.523;0.239;0.103;60.1
Pve_F_3_t2.CSV;82;28.06.2021;15:00:09;9;4;0;2015;0.45;0;0.486;0.231;0.074;62.7
Pve_F_3_t2.CSV;92;28.06.2021;15:00:19;10;4;0;2970;0.426;0;0.447;0.221;0.047;58.6
Pve_F_4_t2.CSV;2;28.06.2021;14:23:25;1;4;0;0;0.333;0;0.788;0.333;0.577;0
Pve_F_4_t2.CSV;12;28.06.2021;14:23:35;2;4;0;31;0.394;0;0.772;0.33;0.49;6.4
Pve_F_4_t2.CSV;22;28.06.2021;14:23:45;3;4;0;101;0.481;0;0.763;0.328;0.37;15.7
Pve_F_4_t2.CSV;32;28.06.2021;14:23:55;4;4;0;198;0.545;0;0.751;0.326;0.274;22.8
Pve_F_4_t2.CSV;42;28.06.2021;14:24:05;5;4;0;363;0.591;0;0.731;0.322;0.192;29.2
Pve_F_4_t2.CSV;52;28.06.2021;14:24:15;6;4;0;619;0.612;0;0.704;0.317;0.131;34
Pve_F_4_t2.CSV;62;28.06.2021;14:24:25;7;4;0;981;0.612;0;0.673;0.311;0.091;37.3
Pve_F_4_t2.CSV;72;28.06.2021;14:24:35;8;4;0;1386;0.595;0;0.638;0.303;0.067;39.2
Pve_F_4_t2.CSV;82;28.06.2021;14:24:45;9;4;0;2015;0.573;0;0.6;0.294;0.045;38.1
Pve_F_4_t2.CSV;92;28.06.2021;14:24:55;10;4;0;2970;0.545;0;0.562;0.285;0.03;37.7
Pve_F_5_t2.CSV;2;28.06.2021;13:16:03;1;4;0;0;0.378;0;0.944;0.378;0.6;0
Pve_F_5_t2.CSV;12;28.06.2021;13:16:13;2;4;0;31;0.392;0;0.932;0.376;0.579;7.5
Pve_F_5_t2.CSV;22;28.06.2021;13:16:23;3;4;0;101;0.453;0;0.913;0.373;0.504;21.4
Pve_F_5_t2.CSV;32;28.06.2021;13:16:33;4;4;0;198;0.508;0;0.875;0.366;0.419;34.9
Pve_F_5_t2.CSV;42;28.06.2021;13:16:43;5;4;0;363;0.545;0;0.808;0.354;0.325;49.6
Pve_F_5_t2.CSV;52;28.06.2021;13:16:53;6;4;0;619;0.556;0;0.732;0.339;0.24;62.5
Pve_F_5_t2.CSV;62;28.06.2021;13:17:03;7;4;0;981;0.54;0;0.658;0.322;0.179;73.9
Pve_F_5_t2.CSV;72;28.06.2021;13:17:13;8;4;0;1386;0.508;0;0.591;0.305;0.14;81.8
Pve_F_5_t2.CSV;82;28.06.2021;13:17:23;9;4;0;2015;0.477;0;0.531;0.288;0.102;86.1
Pve_F_5_t2.CSV;92;28.06.2021;13:17:33;10;4;0;2970;0.45;0;0.48;0.273;0.062;78
Pve_F_6_t2.CSV;2;29.06.2021;15:33:44;1;4;0;0;0.28;0;0.716;0.28;0.609;0
Pve_F_6_t2.CSV;12;29.06.2021;15:33:54;2;4;0;31;0.283;0;0.7;0.278;0.596;7.8
Pve_F_6_t2.CSV;23;29.06.2021;15:34:05;3;4;0;101;0.321;0;0.698;0.277;0.54;22.9
Pve_F_6_t2.CSV;33;29.06.2021;15:34:15;4;4;0;198;0.359;0;0.679;0.274;0.471;39.2
Pve_F_6_t2.CSV;42;29.06.2021;15:34:24;5;4;0;363;0.395;0;0.638;0.267;0.381;58.1
Pve_F_6_t2.CSV;52;29.06.2021;15:34:34;6;4;0;619;0.412;0;0.579;0.256;0.288;75
Pve_F_6_t2.CSV;62;29.06.2021;15:34:44;7;4;0;981;0.405;0;0.518;0.244;0.218;89.9
Pve_F_6_t2.CSV;73;29.06.2021;15:34:55;8;4;0;1386;0.382;0;0.461;0.23;0.171;99.8
Pve_F_6_t2.CSV;83;29.06.2021;15:35:05;9;4;0;2015;0.36;0;0.411;0.217;0.124;105
Pve_F_6_t2.CSV;92;29.06.2021;15:35:14;10;4;0;2970;0.34;0;0.374;0.206;0.091;113.4
Pve_F_7_t2.CSV;2;29.06.2021;13:40:51;1;4;0;0;0.296;0;0.715;0.296;0.586;0
Pve_F_7_t2.CSV;13;29.06.2021;13:41:02;2;4;0;31;0.301;0;0.703;0.294;0.572;7.4
Pve_F_7_t2.CSV;23;29.06.2021;13:41:12;3;4;0;101;0.356;0;0.699;0.293;0.491;20.8
Pve_F_7_t2.CSV;33;29.06.2021;13:41:22;4;4;0;198;0.41;0;0.685;0.291;0.401;33.4
Pve_F_7_t2.CSV;43;29.06.2021;13:41:32;5;4;0;363;0.463;0;0.658;0.286;0.296;45.2
Pve_F_7_t2.CSV;52;29.06.2021;13:41:41;6;4;0;619;0.492;0;0.623;0.279;0.21;54.7
Pve_F_7_t2.CSV;63;29.06.2021;13:41:52;7;4;0;981;0.499;0;0.589;0.272;0.153;63
Pve_F_7_t2.CSV;72;29.06.2021;13:42:01;8;4;0;1386;0.484;0;0.548;0.263;0.117;68
Pve_F_7_t2.CSV;83;29.06.2021;13:42:12;9;4;0;2015;0.467;0;0.51;0.254;0.084;71.4
Pve_F_7_t2.CSV;92;29.06.2021;13:42:21;10;4;0;2970;0.445;0;0.473;0.244;0.059;73.8
Pve_F_8_t2.CSV;2;29.06.2021;14:47:21;1;4;0;0;0.365;0;0.95;0.365;0.616;0
Pve_F_8_t2.CSV;12;29.06.2021;14:47:31;2;4;0;31;0.389;0;0.921;0.361;0.578;7.5
Pve_F_8_t2.CSV;22;29.06.2021;14:47:41;3;4;0;101;0.463;0;0.911;0.359;0.492;20.9
Pve_F_8_t2.CSV;32;29.06.2021;14:47:51;4;4;0;198;0.528;0;0.876;0.354;0.397;33
Pve_F_8_t2.CSV;42;29.06.2021;14:48:01;5;4;0;363;0.58;0;0.832;0.346;0.303;46.2
Pve_F_8_t2.CSV;52;29.06.2021;14:48:11;6;4;0;619;0.598;0;0.767;0.334;0.22;57.3
Pve_F_8_t2.CSV;62;29.06.2021;14:48:21;7;4;0;981;0.588;0;0.699;0.321;0.159;65.4
Pve_F_8_t2.CSV;72;29.06.2021;14:48:31;8;4;0;1386;0.557;0;0.633;0.306;0.12;69.9
Pve_F_8_t2.CSV;82;29.06.2021;14:48:41;9;4;0;2015;0.525;0;0.576;0.292;0.089;74.9
Pve_F_8_t2.CSV;92;29.06.2021;14:48:51;10;4;0;2970;0.491;0;0.524;0.278;0.063;78.6
Pve_F_9_t2.CSV;2;29.06.2021;14:13:12;1;4;0;0;0.295;0;0.732;0.295;0.597;0
Pve_F_9_t2.CSV;12;29.06.2021;14:13:22;2;4;0;31;0.308;0;0.721;0.293;0.573;7.5
Pve_F_9_t2.CSV;22;29.06.2021;14:13:32;3;4;0;101;0.356;0;0.721;0.293;0.506;21.5
Pve_F_9_t2.CSV;32;29.06.2021;14:13:42;4;4;0;198;0.404;0;0.702;0.29;0.425;35.3
Pve_F_9_t2.CSV;42;29.06.2021;14:13:52;5;4;0;363;0.447;0;0.674;0.285;0.337;51.3
Pve_F_9_t2.CSV;52;29.06.2021;14:14:02;6;4;0;619;0.469;0;0.626;0.276;0.251;65.2
Pve_F_9_t2.CSV;62;29.06.2021;14:14:12;7;4;0;981;0.467;0;0.575;0.266;0.188;77.4
Pve_F_9_t2.CSV;72;29.06.2021;14:14:22;8;4;0;1386;0.45;0;0.526;0.255;0.144;84.1
Pve_F_9_t2.CSV;82;29.06.2021;14:14:32;9;4;0;2015;0.429;0;0.478;0.243;0.103;86.8
Pve_F_9_t2.CSV;92;29.06.2021;14:14:42;10;4;0;2970;0.406;0;0.436;0.232;0.069;85.8
